4.0000000000 4.0000000000 1.9916107383 2.8217449664 3.4376510067 4.0000000000 4.0000000000 4.0000000000 4.0000000000 4.0000000000 1.9380536913 2.5271812081 2.6878523490 2.9824161074 3.3573154362 3.6518791946 3.9732214765 4.0000000000 1.5899328859 2.0451677852 1.3489261745 1.3757046980 1.3757046980 0.4652348993 0.4652348993 0.5455704698 1.4292617450 1.3221476510 2.7146308725 2.0719463087 2.7949664430 2.9288590604 3.1966442953 3.3840939597 3.5983221477 3.7857718121 1.5363758389 1.9648322148 1.5631543624 1.3221476510 1.4828187919 0.4652348993 0.3848993289 0.5991275168 1.8041610738 2.0719463087 2.6878523490 2.2326174497 2.6342953020 2.6610738255 2.8485234899 2.9824161074 3.1430872483 3.2502013423 1.4292617450 1.8309395973 1.2953691275 2.7414093960 0.6794630872 0.6794630872 0.6794630872 0.7062416107 1.1079194631 0.9204697987 0.7865771812 0.8133557047 0.7330201342 0.7597986577 0.7597986577 0.8133557047 0.8669127517 1.7506040268 1.9916107383 0.5187919463 0.4652348993 0.5991275168 2.7949664430 3.0627516779 3.0359731544 3.1163087248 2.6878523490 2.6075167785 2.7414093960 2.8485234899 2.9556375839 3.0359731544 1.5095973154 1.8309395973 0.7330201342 0.8936912752 0.8401342282 0.7865771812 0.7597986577 1.3221476510
4.0000000000 4.0000000000 3.2769798658 4.0000000000 4.0000000000 4.0000000000 4.0000000000 4.0000000000 4.0000000000 4.0000000000 3.2769798658 4.0000000000 4.0000000000 4.0000000000 4.0000000000 4.0000000000 4.0000000000 4.0000000000 2.6342953020 3.5179865772 1.6970469799 1.7506040268 1.7506040268 0.5723489933 0.5723489933 0.7062416107 1.9112751678 1.6434899329 4.0000000000 2.4200671141 4.0000000000 4.0000000000 4.0000000000 4.0000000000 4.0000000000 4.0000000000 2.5539597315 3.3305369128 1.8309395973 1.6702684564 1.8041610738 0.5991275168 0.4920134228 0.7330201342 2.1790604027 2.2593959732 4.0000000000 2.5271812081 4.0000000000 4.0000000000 4.0000000000 4.0000000000 4.0000000000 4.0000000000 2.3397315436 3.1966442953 1.6434899329 4.0000000000 0.8669127517 0.8936912752 0.8936912752 0.9204697987 1.4560402685 1.1346979866 1.0008053691 1.0543624161 0.9472483221 0.9740268456 0.9740268456 1.0275838926 1.1079194631 2.0719463087 2.1255033557 0.6794630872 0.6259060403 0.7597986577 2.7681879195 4.0000000000 4.0000000000 3.8661073826 4.0000000000 4.0000000000 4.0000000000 4.0000000000 4.0000000000 4.0000000000 2.5271812081 3.4376510067 0.9472483221 1.1079194631 1.0543624161 1.0008053691 0.9740268456 1.6702684564
1.9916107383 3.2769798658 0.6526845638 0.9740268456 1.2418120805 1.5631543624 1.8041610738 2.0183892617 2.2058389262 2.6342953020 0.6259060403 0.8133557047 0.9204697987 1.0543624161 1.2150335570 1.3221476510 1.4560402685 1.6167114094 0.5187919463 0.5991275168 0.4384563758 0.4920134228 0.4920134228 0.1974496644 0.2242281879 0.2777852349 0.6526845638 0.6259060403 0.9472483221 0.7330201342 0.9472483221 1.0275838926 1.1346979866 1.2150335570 1.2953691275 1.4024832215 0.4920134228 0.5455704698 0.4652348993 0.4920134228 0.4920134228 0.1974496644 0.1706711409 0.2777852349 0.5991275168 0.6794630872 0.9204697987 0.7330201342 0.8669127517 0.9204697987 1.0008053691 1.0543624161 1.1346979866 1.1882550336 0.4652348993 0.4920134228 0.4116778523 0.9472483221 0.2510067114 0.2777852349 0.2777852349 0.2777852349 0.4116778523 0.3581208054 0.2777852349 0.3045637584 0.3045637584 0.3045637584 0.3045637584 0.3045637584 0.3313422819 0.5991275168 0.5723489933 0.2242281879 0.1974496644 0.2777852349 0.7865771812 1.0275838926 1.0811409396 1.0543624161 0.8669127517 0.8936912752 0.9740268456 1.0008053691 1.0543624161 1.1079194631 0.4920134228 0.5187919463 0.2777852349 0.3581208054 0.3313422819 0.3045637584 0.3045637584 0.4652348993
2.8217449664 4.0000000000 0.9740268456 1.6167114094 2.0183892617 2.3932885906 2.8753020134 3.0895302013 3.1698657718 4.0000000000 0.9740268456 1.6702684564 1.7506040268 1.8577181208 2.0451677852 2.2593959732 2.4468456376 2.6610738255 0.7597986577 1.5363758389 0.5455704698 0.5991275168 0.5723489933 0.2510067114 0.2510067114 0.3045637584 0.7330201342 0.7062416107 1.5095973154 0.8401342282 1.7773825503 1.8577181208 2.0183892617 2.0987248322 2.2058389262 2.3397315436 0.7330201342 1.6167114094 0.5723489933 0.5723489933 0.5723489933 0.2510067114 0.1974496644 0.3313422819 0.7330201342 0.7865771812 1.5363758389 0.8401342282 1.6434899329 1.6970469799 1.8577181208 1.9112751678 1.9916107383 2.0719463087 0.6794630872 1.6167114094 0.4920134228 1.8041610738 0.3313422819 0.3313422819 0.3313422819 0.3313422819 0.4920134228 0.4116778523 0.3581208054 0.3848993289 0.3581208054 0.3581208054 0.3581208054 0.3848993289 0.4116778523 0.6794630872 0.6794630872 0.2777852349 0.2510067114 0.3313422819 0.9204697987 1.3489261745 1.8577181208 1.2418120805 1.5631543624 1.6702684564 1.8041610738 1.8577181208 1.8844966443 1.9648322148 0.7330201342 0.7062416107 0.3581208054 0.4116778523 0.3848993289 0.3848993289 0.3581208054 0.5455704698
3.4376510067 4.0000000000 1.2418120805 2.0183892617 2.4736241611 2.9824161074 3.6786577181 3.9196644295 3.9196644295 4.0000000000 1.2418120805 1.9112751678 2.0987248322 2.3129530201 2.6075167785 2.9556375839 3.2234228188 3.4912080537 1.0008053691 1.6970469799 0.6794630872 0.7330201342 0.7062416107 0.3045637584 0.3045637584 0.3581208054 0.8669127517 0.8401342282 1.8844966443 1.0008053691 2.0987248322 2.2861744966 2.5539597315 2.7146308725 2.8485234899 3.0359731544 0.9740268456 1.6434899329 0.7062416107 0.6794630872 0.7062416107 0.3045637584 0.2510067114 0.3848993289 0.8936912752 0.9472483221 1.8844966443 1.0275838926 1.9916107383 2.0987248322 2.3129530201 2.4200671141 2.5004026846 2.6342953020 0.8936912752 1.6434899329 0.6259060403 2.2593959732 0.3848993289 0.3848993289 0.3848993289 0.3848993289 0.5991275168 0.4920134228 0.4384563758 0.4384563758 0.4116778523 0.4116778523 0.4116778523 0.4384563758 0.4652348993 0.8669127517 0.8669127517 0.3313422819 0.3045637584 0.3848993289 1.1614765101 1.9648322148 2.3932885906 1.5095973154 1.8844966443 2.0719463087 2.2326174497 2.3665100671 2.3665100671 2.4736241611 0.9472483221 1.7773825503 0.4116778523 0.4920134228 0.4652348993 0.4384563758 0.4116778523 0.6794630872
4.0000000000 4.0000000000 1.5631543624 2.3932885906 2.9824161074 3.1163087248 4.0000000000 4.0000000000 4.0000000000 4.0000000000 1.5631543624 1.9648322148 2.1522818792 2.5807382550 2.9288590604 3.1163087248 3.4912080537 3.7589932886 1.2685906040 1.6702684564 0.7865771812 0.8401342282 0.8133557047 0.3313422819 0.3313422819 0.4116778523 1.0008053691 0.9204697987 2.4200671141 1.1614765101 2.1522818792 2.5807382550 2.7414093960 2.9020805369 3.0895302013 3.2769798658 1.2418120805 1.5363758389 0.8669127517 0.8133557047 0.8401342282 0.3313422819 0.2777852349 0.4384563758 1.0275838926 1.1079194631 2.4736241611 1.1882550336 2.0183892617 2.3932885906 2.4468456376 2.5539597315 2.6878523490 2.8217449664 1.1079194631 1.4828187919 0.7597986577 2.3665100671 0.4384563758 0.4384563758 0.4384563758 0.4652348993 0.7062416107 0.5723489933 0.4920134228 0.5187919463 0.4652348993 0.4920134228 0.4920134228 0.5187919463 0.5455704698 1.0008053691 1.0008053691 0.3848993289 0.3581208054 0.4384563758 1.3221476510 2.4468456376 2.7414093960 1.8844966443 1.9112751678 2.2326174497 2.3665100671 2.4468456376 2.5271812081 2.6342953020 1.2150335570 1.5631543624 0.4652348993 0.5455704698 0.5187919463 0.4920134228 0.4920134228 0.7865771812
4.0000000000 4.0000000000 1.8041610738 2.8753020134 3.6786577181 4.0000000000 4.0000000000 4.0000000000 4.0000000000 4.0000000000 1.8041610738 2.5004026846 2.8217449664 3.5715436242 3.6786577181 4.0000000000 4.0000000000 4.0000000000 1.4560402685 2.0451677852 0.9472483221 1.0008053691 1.0008053691 0.3581208054 0.3581208054 0.4116778523 1.0275838926 0.9740268456 2.7949664430 1.3757046980 2.8485234899 3.3037583893 3.6786577181 4.0000000000 4.0000000000 4.0000000000 1.4292617450 1.9380536913 1.0543624161 0.9472483221 1.0275838926 0.3581208054 0.3045637584 0.4384563758 1.2418120805 1.2953691275 2.8217449664 1.4292617450 2.6878523490 3.0091946309 3.3573154362 3.6251006711 3.7054362416 3.8661073826 1.3221476510 1.8844966443 0.9204697987 3.3037583893 0.5187919463 0.5187919463 0.5187919463 0.5187919463 0.8401342282 0.6526845638 0.5723489933 0.5991275168 0.5455704698 0.5723489933 0.5723489933 0.5991275168 0.6526845638 1.1882550336 1.2150335570 0.3848993289 0.3581208054 0.4652348993 1.5631543624 2.6342953020 3.8125503356 2.0987248322 2.5539597315 3.1698657718 3.2502013423 3.4376510067 3.5179865772 3.6251006711 1.4024832215 2.0719463087 0.5455704698 0.6526845638 0.5991275168 0.5723489933 0.5723489933 0.9472483221
4.0000000000 4.0000000000 2.0183892617 3.0895302013 3.9196644295 4.0000000000 4.0000000000 4.0000000000 4.0000000000 4.0000000000 2.0183892617 2.7414093960 3.0091946309 3.6518791946 4.0000000000 4.0000000000 4.0000000000 4.0000000000 1.6434899329 2.2593959732 1.1079194631 1.1614765101 1.1346979866 0.3848993289 0.3848993289 0.4652348993 1.1882550336 1.0811409396 3.0091946309 1.6167114094 3.0359731544 3.6518791946 4.0000000000 4.0000000000 4.0000000000 4.0000000000 1.5899328859 2.1255033557 1.1882550336 1.1079194631 1.1882550336 0.4116778523 0.3581208054 0.5187919463 1.4292617450 1.5095973154 3.0359731544 1.6702684564 2.8485234899 3.3037583893 3.6518791946 3.8393288591 4.0000000000 4.0000000000 1.4560402685 2.0719463087 1.0811409396 3.5983221477 0.5991275168 0.5991275168 0.5991275168 0.6259060403 0.9740268456 0.7597986577 0.6794630872 0.7062416107 0.6526845638 0.6526845638 0.6526845638 0.7062416107 0.7597986577 1.3489261745 1.4024832215 0.4384563758 0.4116778523 0.5187919463 1.8309395973 3.6251006711 3.8393288591 2.5539597315 2.7146308725 3.2234228188 3.5447651007 3.7054362416 3.8125503356 3.9464429530 1.5631543624 2.1790604027 0.6259060403 0.7597986577 0.7062416107 0.6794630872 0.6526845638 1.0811409396
4.0000000000 4.0000000000 2.2058389262 3.1698657718 3.9196644295 4.0000000000 4.0000000000 4.0000000000 4.0000000000 4.0000000000 2.1522818792 2.9020805369 3.1430872483 3.4644295302 3.8928859060 4.0000000000 4.0000000000 4.0000000000 1.7773825503 2.3665100671 1.3489261745 1.3757046980 1.3757046980 0.4384563758 0.4384563758 0.5455704698 1.4024832215 1.2150335570 3.0895302013 1.9380536913 3.3037583893 3.4376510067 3.7322147651 3.9732214765 4.0000000000 4.0000000000 1.7238255034 2.2593959732 1.5095973154 1.2953691275 1.4292617450 0.4652348993 0.3848993289 0.5723489933 1.8041610738 1.8309395973 3.0627516779 2.0719463087 3.0895302013 3.1163087248 3.3305369128 3.4912080537 3.6786577181 3.7589932886 1.5899328859 2.1255033557 1.2953691275 3.1966442953 0.7062416107 0.7062416107 0.7062416107 0.7330201342 1.1346979866 0.8936912752 0.8133557047 0.8401342282 0.7597986577 0.7597986577 0.7865771812 0.8133557047 0.8936912752 1.6970469799 1.6970469799 0.5187919463 0.4920134228 0.5991275168 2.3397315436 3.5983221477 3.5447651007 3.1430872483 3.1966442953 3.0359731544 3.2234228188 3.3305369128 3.4912080537 3.5179865772 1.6970469799 2.1522818792 0.7330201342 0.8669127517 0.8401342282 0.7865771812 0.7865771812 1.3489261745
4.0000000000 4.0000000000 2.6342953020 4.0000000000 4.0000000000 4.0000000000 4.0000000000 4.0000000000 4.0000000000 4.0000000000 2.6610738255 3.6251006711 4.0000000000 4.0000000000 4.0000000000 4.0000000000 4.0000000000 4.0000000000 2.1255033557 2.8485234899 1.3757046980 1.4024832215 1.4024832215 0.4652348993 0.4652348993 0.5455704698 1.4292617450 1.2685906040 4.0000000000 1.9380536913 4.0000000000 4.0000000000 4.0000000000 4.0000000000 4.0000000000 4.0000000000 2.0719463087 2.7146308725 1.4828187919 1.3489261745 1.4292617450 0.4652348993 0.4116778523 0.5991275168 1.7238255034 1.8041610738 4.0000000000 2.0183892617 4.0000000000 4.0000000000 4.0000000000 4.0000000000 4.0000000000 4.0000000000 1.9112751678 2.6075167785 1.3221476510 4.0000000000 0.7062416107 0.7062416107 0.7330201342 0.7330201342 1.1882550336 0.9204697987 0.8133557047 0.8401342282 0.7865771812 0.7865771812 0.7865771812 0.8401342282 0.8936912752 1.6702684564 1.6970469799 0.5187919463 0.4920134228 0.5991275168 2.1790604027 4.0000000000 4.0000000000 2.9824161074 3.8661073826 4.0000000000 4.0000000000 4.0000000000 4.0000000000 4.0000000000 2.0719463087 2.8217449664 0.7597986577 0.8936912752 0.8401342282 0.8133557047 0.7865771812 1.3489261745
1.9380536913 3.2769798658 0.6259060403 0.9740268456 1.2418120805 1.5631543624 1.8041610738 2.0183892617 2.1522818792 2.6610738255 0.6259060403 0.8133557047 0.9204697987 1.0543624161 1.2150335570 1.3221476510 1.4560402685 1.6167114094 0.4920134228 0.5723489933 0.4116778523 0.4652348993 0.4384563758 0.1706711409 0.1974496644 0.2242281879 0.5455704698 0.5723489933 0.9204697987 0.6794630872 0.9472483221 1.0275838926 1.1346979866 1.2150335570 1.2953691275 1.4024832215 0.4920134228 0.5455704698 0.4384563758 0.4384563758 0.4384563758 0.1706711409 0.1438926174 0.2510067114 0.5723489933 0.6259060403 0.9204697987 0.6794630872 0.8669127517 0.9204697987 1.0008053691 1.0543624161 1.1346979866 1.1882550336 0.4384563758 0.4652348993 0.3581208054 0.9472483221 0.2242281879 0.2510067114 0.2510067114 0.2510067114 0.3848993289 0.3045637584 0.2777852349 0.2777852349 0.2777852349 0.2777852349 0.2777852349 0.2777852349 0.3045637584 0.5723489933 0.5455704698 0.1974496644 0.1706711409 0.2510067114 0.7330201342 0.9204697987 1.0543624161 1.0811409396 0.8669127517 0.8936912752 0.9740268456 1.0008053691 1.0543624161 1.1079194631 0.4652348993 0.4920134228 0.2510067114 0.3313422819 0.3045637584 0.2777852349 0.2777852349 0.4384563758
2.5271812081 4.0000000000 0.8133557047 1.6702684564 1.9112751678 1.9648322148 2.5004026846 2.7414093960 2.9020805369 3.6251006711 0.8133557047 1.4024832215 1.3757046980 1.6702684564 1.7773825503 1.8577181208 2.0719463087 2.2326174497 0.6259060403 0.6526845638 0.4384563758 0.4920134228 0.4652348993 0.1974496644 0.1974496644 0.2510067114 0.5723489933 0.5723489933 1.3757046980 0.6794630872 1.3221476510 1.6167114094 1.6702684564 1.7506040268 1.8309395973 1.9648322148 0.5991275168 0.5991275168 0.4384563758 0.4652348993 0.4652348993 0.1974496644 0.1706711409 0.2510067114 0.5723489933 0.6526845638 1.4560402685 0.6794630872 1.1614765101 1.5631543624 1.5363758389 1.5363758389 1.6434899329 1.7506040268 0.5455704698 0.5455704698 0.3848993289 1.4560402685 0.2510067114 0.2510067114 0.2777852349 0.2777852349 0.4116778523 0.3313422819 0.2777852349 0.3045637584 0.2777852349 0.2777852349 0.3045637584 0.3045637584 0.3313422819 0.5723489933 0.5455704698 0.1974496644 0.1974496644 0.2510067114 0.7330201342 1.0008053691 1.6970469799 0.9472483221 1.0275838926 1.4828187919 1.4828187919 1.5095973154 1.5363758389 1.6167114094 0.5991275168 0.5455704698 0.2777852349 0.3313422819 0.3045637584 0.3045637584 0.2777852349 0.4384563758
2.6878523490 4.0000000000 0.9204697987 1.7506040268 2.0987248322 2.1522818792 2.8217449664 3.0091946309 3.1430872483 4.0000000000 0.9204697987 1.3757046980 1.4828187919 1.8309395973 2.0987248322 2.1790604027 2.4468456376 2.6342953020 0.7062416107 0.7865771812 0.4384563758 0.5187919463 0.4652348993 0.1974496644 0.1974496644 0.2510067114 0.5991275168 0.5991275168 1.5095973154 0.7062416107 1.4828187919 1.8577181208 1.9648322148 2.0451677852 2.1790604027 2.3129530201 0.7062416107 0.7062416107 0.4652348993 0.4920134228 0.4920134228 0.1974496644 0.1706711409 0.2510067114 0.5991275168 0.6794630872 1.5631543624 0.7330201342 1.3489261745 1.8041610738 1.7773825503 1.8577181208 1.9380536913 2.0183892617 0.6259060403 0.5991275168 0.4116778523 1.7238255034 0.2510067114 0.2777852349 0.2777852349 0.2777852349 0.4116778523 0.3313422819 0.3045637584 0.3045637584 0.2777852349 0.3045637584 0.3045637584 0.3045637584 0.3313422819 0.5991275168 0.5723489933 0.2242281879 0.1974496644 0.2777852349 0.8133557047 1.1079194631 1.9916107383 1.0543624161 1.2150335570 1.6167114094 1.7238255034 1.7773825503 1.8309395973 1.9112751678 0.6794630872 0.6526845638 0.2777852349 0.3313422819 0.3045637584 0.3045637584 0.3045637584 0.4652348993
2.9824161074 4.0000000000 1.0543624161 1.8577181208 2.3129530201 2.5807382550 3.5715436242 3.6518791946 3.4644295302 4.0000000000 1.0543624161 1.6702684564 1.8309395973 1.9112751678 2.6342953020 2.7146308725 2.9288590604 3.1966442953 0.8401342282 1.4292617450 0.5187919463 0.5723489933 0.5455704698 0.1974496644 0.1974496644 0.2510067114 0.5991275168 0.5723489933 1.6702684564 0.8133557047 1.8041610738 2.0719463087 2.4200671141 2.4468456376 2.6075167785 2.7949664430 0.8133557047 1.1882550336 0.5723489933 0.5723489933 0.5723489933 0.1974496644 0.1706711409 0.2777852349 0.7062416107 0.7597986577 1.6970469799 0.8133557047 1.6970469799 1.9380536913 2.1790604027 2.1522818792 2.2593959732 2.3665100671 0.7597986577 0.8669127517 0.4920134228 1.9380536913 0.3045637584 0.3045637584 0.3045637584 0.3045637584 0.4920134228 0.3848993289 0.3313422819 0.3581208054 0.3313422819 0.3313422819 0.3313422819 0.3581208054 0.3581208054 0.7062416107 0.6794630872 0.2242281879 0.1974496644 0.2777852349 0.8936912752 1.1882550336 2.2861744966 1.1614765101 1.5363758389 1.8309395973 2.0987248322 2.0451677852 2.1255033557 2.2326174497 0.8133557047 0.9472483221 0.3045637584 0.3848993289 0.3581208054 0.3313422819 0.3313422819 0.5455704698
3.3573154362 4.0000000000 1.2150335570 2.0451677852 2.6075167785 2.9288590604 3.6786577181 4.0000000000 3.8928859060 4.0000000000 1.2150335570 1.7773825503 2.0987248322 2.6342953020 2.6878523490 3.6518791946 3.9732214765 4.0000000000 0.9740268456 1.5095973154 0.5991275168 0.6526845638 0.6259060403 0.2242281879 0.2242281879 0.2510067114 0.6259060403 0.5991275168 1.9112751678 0.8936912752 2.0987248322 2.3665100671 2.7949664430 3.3037583893 3.4912080537 3.7589932886 0.9472483221 1.3757046980 0.6526845638 0.6259060403 0.6526845638 0.2242281879 0.1706711409 0.2777852349 0.7865771812 0.8669127517 1.9648322148 0.9204697987 1.9916107383 2.1790604027 2.5271812081 2.9020805369 3.0091946309 3.1966442953 0.8669127517 1.3489261745 0.5723489933 2.6342953020 0.3313422819 0.3313422819 0.3313422819 0.3313422819 0.5455704698 0.4116778523 0.3848993289 0.3848993289 0.3581208054 0.3581208054 0.3581208054 0.3848993289 0.4116778523 0.7865771812 0.7597986577 0.2242281879 0.2242281879 0.2777852349 1.0275838926 1.1614765101 3.0091946309 1.2953691275 1.8309395973 2.4736241611 2.4736241611 2.7681879195 2.8485234899 2.9824161074 0.9472483221 1.5095973154 0.3581208054 0.4116778523 0.3848993289 0.3848993289 0.3581208054 0.6259060403
3.6518791946 4.0000000000 1.3221476510 2.2593959732 2.9556375839 3.1163087248 4.0000000000 4.0000000000 4.0000000000 4.0000000000 1.3221476510 1.8577181208 2.1790604027 2.7146308725 3.6518791946 4.0000000000 4.0000000000 4.0000000000 1.0811409396 1.5363758389 0.6526845638 0.7062416107 0.6794630872 0.2242281879 0.2242281879 0.2777852349 0.6526845638 0.6259060403 2.1522818792 0.9740268456 2.2058389262 2.9556375839 3.9196644295 4.0000000000 4.0000000000 4.0000000000 1.0543624161 1.4560402685 0.7062416107 0.6794630872 0.7062416107 0.2242281879 0.1974496644 0.2777852349 0.8669127517 0.9204697987 2.2326174497 1.0008053691 2.0719463087 2.7681879195 3.5179865772 4.0000000000 4.0000000000 4.0000000000 0.9472483221 1.4024832215 0.6259060403 4.0000000000 0.3581208054 0.3581208054 0.3581208054 0.3581208054 0.5991275168 0.4652348993 0.4116778523 0.4116778523 0.3848993289 0.3848993289 0.3848993289 0.4116778523 0.4384563758 0.8401342282 0.8401342282 0.2510067114 0.2242281879 0.3045637584 1.1079194631 1.2685906040 3.7322147651 1.4024832215 1.8844966443 2.7146308725 3.4644295302 4.0000000000 4.0000000000 4.0000000000 1.0275838926 1.5899328859 0.3848993289 0.4652348993 0.4384563758 0.4116778523 0.3848993289 0.6794630872
3.9732214765 4.0000000000 1.4560402685 2.4468456376 3.2234228188 3.4912080537 4.0000000000 4.0000000000 4.0000000000 4.0000000000 1.4560402685 2.0719463087 2.4468456376 2.9288590604 3.9732214765 4.0000000000 4.0000000000 4.0000000000 1.1882550336 1.7238255034 0.7330201342 0.7865771812 0.7597986577 0.2510067114 0.2510067114 0.3045637584 0.7062416107 0.6794630872 2.3665100671 1.0543624161 2.4468456376 3.1966442953 4.0000000000 4.0000000000 4.0000000000 4.0000000000 1.1614765101 1.6167114094 0.7865771812 0.7597986577 0.7865771812 0.2510067114 0.2242281879 0.3045637584 0.9472483221 1.0008053691 2.4468456376 1.1079194631 2.3129530201 2.9824161074 4.0000000000 4.0000000000 4.0000000000 4.0000000000 1.0543624161 1.5899328859 0.7062416107 4.0000000000 0.3848993289 0.3848993289 0.4116778523 0.4116778523 0.6526845638 0.5187919463 0.4384563758 0.4652348993 0.4384563758 0.4384563758 0.4384563758 0.4652348993 0.4920134228 0.9204697987 0.9204697987 0.2777852349 0.2510067114 0.3313422819 1.2150335570 1.4828187919 4.0000000000 1.5631543624 2.1255033557 3.1430872483 4.0000000000 4.0000000000 4.0000000000 4.0000000000 1.1346979866 1.7506040268 0.4116778523 0.4920134228 0.4652348993 0.4652348993 0.4384563758 0.7330201342
4.0000000000 4.0000000000 1.6167114094 2.6610738255 3.4912080537 3.7589932886 4.0000000000 4.0000000000 4.0000000000 4.0000000000 1.6167114094 2.2326174497 2.6342953020 3.1966442953 4.0000000000 4.0000000000 4.0000000000 4.0000000000 1.2953691275 1.8041610738 0.8133557047 0.8669127517 0.8401342282 0.2777852349 0.2777852349 0.3313422819 0.7865771812 0.7330201342 2.6342953020 1.1614765101 2.6610738255 3.4644295302 4.0000000000 4.0000000000 4.0000000000 4.0000000000 1.2685906040 1.7506040268 0.8669127517 0.8133557047 0.8669127517 0.2777852349 0.2242281879 0.3581208054 1.0543624161 1.1079194631 2.7414093960 1.1882550336 2.5004026846 3.2502013423 4.0000000000 4.0000000000 4.0000000000 4.0000000000 1.1614765101 1.7238255034 0.7865771812 4.0000000000 0.4384563758 0.4384563758 0.4384563758 0.4384563758 0.7330201342 0.5455704698 0.4920134228 0.5187919463 0.4652348993 0.4652348993 0.4652348993 0.4920134228 0.5455704698 1.0008053691 1.0275838926 0.3045637584 0.2777852349 0.3581208054 1.3221476510 1.7773825503 4.0000000000 1.6970469799 2.3129530201 3.4912080537 4.0000000000 4.0000000000 4.0000000000 4.0000000000 1.2685906040 1.8309395973 0.4652348993 0.5455704698 0.5187919463 0.4920134228 0.4652348993 0.8133557047
1.5899328859 2.6342953020 0.5187919463 0.7597986577 1.0008053691 1.2685906040 1.4560402685 1.6434899329 1.7773825503 2.1255033557 0.4920134228 0.6259060403 0.7062416107 0.8401342282 0.9740268456 1.0811409396 1.1882550336 1.2953691275 0.4116778523 0.4652348993 0.3313422819 0.3848993289 0.3581208054 0.1438926174 0.1706711409 0.1974496644 0.4920134228 0.4920134228 0.7597986577 0.5723489933 0.7330201342 0.8401342282 0.9204697987 0.9740268456 1.0543624161 1.1346979866 0.3848993289 0.4116778523 0.3313422819 0.3848993289 0.3581208054 0.1438926174 0.1171140940 0.1974496644 0.4652348993 0.5187919463 0.7330201342 0.5723489933 0.6794630872 0.7330201342 0.8133557047 0.8669127517 0.9204697987 0.9740268456 0.3581208054 0.3848993289 0.3045637584 0.7597986577 0.1974496644 0.1974496644 0.1974496644 0.1974496644 0.3045637584 0.2777852349 0.2242281879 0.2242281879 0.2242281879 0.2242281879 0.2242281879 0.2510067114 0.2510067114 0.4652348993 0.4384563758 0.1706711409 0.1438926174 0.2242281879 0.5991275168 0.7865771812 0.8669127517 0.7865771812 0.6794630872 0.7062416107 0.7865771812 0.8133557047 0.8669127517 0.8936912752 0.3848993289 0.3848993289 0.2242281879 0.2777852349 0.2510067114 0.2510067114 0.2242281879 0.3581208054
2.0451677852 3.5179865772 0.5991275168 1.5363758389 1.6970469799 1.6702684564 2.0451677852 2.2593959732 2.3665100671 2.8485234899 0.5723489933 0.6526845638 0.7865771812 1.4292617450 1.5095973154 1.5363758389 1.7238255034 1.8041610738 0.4652348993 0.4652348993 0.3313422819 0.3848993289 0.3581208054 0.1706711409 0.1706711409 0.1974496644 0.4920134228 0.4652348993 1.1346979866 0.5455704698 0.8133557047 1.3757046980 1.3757046980 1.4292617450 1.5095973154 1.6434899329 0.4384563758 0.4384563758 0.3313422819 0.3581208054 0.3581208054 0.1706711409 0.1438926174 0.2242281879 0.4384563758 0.4920134228 1.1614765101 0.5455704698 0.7062416107 1.2685906040 1.1614765101 1.2150335570 1.3221476510 1.4024832215 0.4116778523 0.3848993289 0.3045637584 1.0008053691 0.1974496644 0.1974496644 0.2242281879 0.2242281879 0.3045637584 0.2777852349 0.2242281879 0.2242281879 0.2242281879 0.2242281879 0.2242281879 0.2510067114 0.2510067114 0.4652348993 0.4116778523 0.1706711409 0.1706711409 0.2242281879 0.5723489933 0.7865771812 1.4828187919 0.7062416107 0.6526845638 0.8669127517 1.0811409396 1.1346979866 1.1882550336 1.3489261745 0.4384563758 0.4116778523 0.2242281879 0.2777852349 0.2510067114 0.2510067114 0.2242281879 0.3581208054
1.3489261745 1.6970469799 0.4384563758 0.5455704698 0.6794630872 0.7865771812 0.9472483221 1.1079194631 1.3489261745 1.3757046980 0.4116778523 0.4384563758 0.4384563758 0.5187919463 0.5991275168 0.6526845638 0.7330201342 0.8133557047 0.3313422819 0.3313422819 0.3045637584 0.3313422819 0.3313422819 0.1706711409 0.1706711409 0.2242281879 0.4116778523 0.4116778523 0.5455704698 0.4384563758 0.4652348993 0.5187919463 0.5723489933 0.5991275168 0.6526845638 0.7062416107 0.3313422819 0.3045637584 0.2777852349 0.3045637584 0.3045637584 0.1706711409 0.1438926174 0.2242281879 0.3848993289 0.4116778523 0.5187919463 0.4384563758 0.4116778523 0.4652348993 0.4920134228 0.5187919463 0.5455704698 0.5723489933 0.3045637584 0.2777852349 0.2510067114 0.4652348993 0.2242281879 0.2242281879 0.2242281879 0.2242281879 0.2777852349 0.2777852349 0.2510067114 0.2510067114 0.2510067114 0.2510067114 0.2510067114 0.2510067114 0.2777852349 0.3581208054 0.3581208054 0.1974496644 0.1706711409 0.2510067114 0.4384563758 0.4920134228 0.5455704698 0.4920134228 0.4116778523 0.4384563758 0.4652348993 0.4920134228 0.5187919463 0.5455704698 0.3045637584 0.2777852349 0.2242281879 0.2777852349 0.2510067114 0.2510067114 0.2510067114 0.3045637584
1.3757046980 1.7506040268 0.4920134228 0.5991275168 0.7330201342 0.8401342282 1.0008053691 1.1614765101 1.3757046980 1.4024832215 0.4652348993 0.4920134228 0.5187919463 0.5723489933 0.6526845638 0.7062416107 0.7865771812 0.8669127517 0.3848993289 0.3848993289 0.3313422819 0.3581208054 0.3581208054 0.1706711409 0.1706711409 0.2242281879 0.4384563758 0.4384563758 0.5991275168 0.4920134228 0.5187919463 0.5723489933 0.6259060403 0.6526845638 0.7062416107 0.7330201342 0.3581208054 0.3581208054 0.3045637584 0.3313422819 0.3313422819 0.1706711409 0.1438926174 0.2242281879 0.4116778523 0.4384563758 0.5723489933 0.4652348993 0.4652348993 0.5187919463 0.5455704698 0.5723489933 0.5991275168 0.6259060403 0.3313422819 0.3313422819 0.2777852349 0.5187919463 0.2242281879 0.2242281879 0.2242281879 0.2242281879 0.3045637584 0.2777852349 0.2510067114 0.2510067114 0.2510067114 0.2510067114 0.2510067114 0.2510067114 0.2777852349 0.3848993289 0.3848993289 0.1974496644 0.1706711409 0.2510067114 0.4652348993 0.5455704698 0.5991275168 0.5455704698 0.4652348993 0.4920134228 0.5187919463 0.5455704698 0.5723489933 0.5991275168 0.3581208054 0.3313422819 0.2242281879 0.2777852349 0.2510067114 0.2510067114 0.2510067114 0.3313422819
1.3757046980 1.7506040268 0.4920134228 0.5723489933 0.7062416107 0.8133557047 1.0008053691 1.1346979866 1.3757046980 1.4024832215 0.4384563758 0.4652348993 0.4652348993 0.5455704698 0.6259060403 0.6794630872 0.7597986577 0.8401342282 0.3581208054 0.3581208054 0.3313422819 0.3581208054 0.3313422819 0.1974496644 0.1974496644 0.2242281879 0.4384563758 0.4384563758 0.5723489933 0.4652348993 0.4920134228 0.5455704698 0.5723489933 0.6259060403 0.6526845638 0.7062416107 0.3581208054 0.3313422819 0.3045637584 0.3313422819 0.3313422819 0.1974496644 0.1706711409 0.2510067114 0.4116778523 0.4384563758 0.5455704698 0.4652348993 0.4384563758 0.4920134228 0.5187919463 0.5455704698 0.5723489933 0.5991275168 0.3313422819 0.3045637584 0.2777852349 0.4652348993 0.2242281879 0.2510067114 0.2510067114 0.2510067114 0.3045637584 0.3045637584 0.2777852349 0.2777852349 0.2510067114 0.2777852349 0.2777852349 0.2777852349 0.3045637584 0.3581208054 0.3581208054 0.1974496644 0.1974496644 0.2510067114 0.4652348993 0.5187919463 0.5723489933 0.5187919463 0.4384563758 0.4652348993 0.4920134228 0.4920134228 0.5187919463 0.5455704698 0.3313422819 0.3045637584 0.2510067114 0.2777852349 0.2777852349 0.2777852349 0.2510067114 0.3045637584
0.4652348993 0.5723489933 0.1974496644 0.2510067114 0.3045637584 0.3313422819 0.3581208054 0.3848993289 0.4384563758 0.4652348993 0.1706711409 0.1974496644 0.1974496644 0.1974496644 0.2242281879 0.2242281879 0.2510067114 0.2777852349 0.1438926174 0.1706711409 0.1706711409 0.1706711409 0.1974496644 0.1438926174 0.1706711409 0.2510067114 0.2242281879 0.2242281879 0.1974496644 0.1974496644 0.1974496644 0.1974496644 0.1974496644 0.1974496644 0.2242281879 0.2242281879 0.1438926174 0.1438926174 0.1706711409 0.1706711409 0.1706711409 0.1438926174 0.1438926174 0.2242281879 0.1974496644 0.1974496644 0.1974496644 0.1974496644 0.1706711409 0.1706711409 0.1706711409 0.1706711409 0.1706711409 0.1974496644 0.1438926174 0.1438926174 0.1438926174 0.1438926174 0.1706711409 0.1706711409 0.1706711409 0.1706711409 0.1706711409 0.1706711409 0.1706711409 0.1706711409 0.1706711409 0.1706711409 0.1706711409 0.1706711409 0.1706711409 0.1706711409 0.1706711409 0.1438926174 0.1706711409 0.2242281879 0.1974496644 0.1974496644 0.1974496644 0.1974496644 0.1706711409 0.1706711409 0.1706711409 0.1706711409 0.1706711409 0.1706711409 0.1438926174 0.1171140940 0.1438926174 0.1438926174 0.1438926174 0.1438926174 0.1438926174 0.1438926174
0.4652348993 0.5723489933 0.2242281879 0.2510067114 0.3045637584 0.3313422819 0.3581208054 0.3848993289 0.4384563758 0.4652348993 0.1974496644 0.1974496644 0.1974496644 0.1974496644 0.2242281879 0.2242281879 0.2510067114 0.2777852349 0.1706711409 0.1706711409 0.1706711409 0.1706711409 0.1974496644 0.1706711409 0.1438926174 0.1974496644 0.2242281879 0.2242281879 0.1974496644 0.2242281879 0.1974496644 0.1974496644 0.1974496644 0.1974496644 0.2242281879 0.2242281879 0.1438926174 0.1438926174 0.1706711409 0.1706711409 0.1706711409 0.1706711409 0.1171140940 0.1974496644 0.1974496644 0.1974496644 0.1974496644 0.1974496644 0.1706711409 0.1706711409 0.1706711409 0.1706711409 0.1706711409 0.1974496644 0.1438926174 0.1438926174 0.1438926174 0.1438926174 0.1706711409 0.1706711409 0.1706711409 0.1706711409 0.1706711409 0.1706711409 0.1706711409 0.1706711409 0.1706711409 0.1706711409 0.1706711409 0.1706711409 0.1706711409 0.1706711409 0.1706711409 0.1706711409 0.1438926174 0.1706711409 0.1974496644 0.1974496644 0.1974496644 0.1974496644 0.1706711409 0.1706711409 0.1706711409 0.1706711409 0.1706711409 0.1706711409 0.1438926174 0.1438926174 0.1438926174 0.1438926174 0.1438926174 0.1438926174 0.1706711409 0.1438926174
0.5455704698 0.7062416107 0.2777852349 0.3045637584 0.3581208054 0.4116778523 0.4116778523 0.4652348993 0.5455704698 0.5455704698 0.2242281879 0.2510067114 0.2510067114 0.2510067114 0.2510067114 0.2777852349 0.3045637584 0.3313422819 0.1974496644 0.1974496644 0.2242281879 0.2242281879 0.2242281879 0.2510067114 0.1974496644 0.1974496644 0.2510067114 0.2777852349 0.2510067114 0.2510067114 0.2510067114 0.2510067114 0.2510067114 0.2510067114 0.2510067114 0.2777852349 0.1974496644 0.1974496644 0.1974496644 0.1974496644 0.1974496644 0.1974496644 0.1438926174 0.1974496644 0.2242281879 0.2242281879 0.2242281879 0.2242281879 0.2242281879 0.2242281879 0.2242281879 0.2242281879 0.2242281879 0.2242281879 0.1706711409 0.1706711409 0.1706711409 0.1974496644 0.1974496644 0.1974496644 0.1974496644 0.1974496644 0.1974496644 0.1974496644 0.1974496644 0.1974496644 0.1974496644 0.1974496644 0.2242281879 0.1974496644 0.2242281879 0.2242281879 0.1974496644 0.1974496644 0.1974496644 0.1974496644 0.2242281879 0.2242281879 0.2242281879 0.2242281879 0.2242281879 0.1974496644 0.1974496644 0.1974496644 0.1974496644 0.2242281879 0.1706711409 0.1706711409 0.1706711409 0.1706711409 0.1706711409 0.1974496644 0.1974496644 0.1706711409
1.4292617450 1.9112751678 0.6526845638 0.7330201342 0.8669127517 1.0008053691 1.0275838926 1.1882550336 1.4024832215 1.4292617450 0.5455704698 0.5723489933 0.5991275168 0.5991275168 0.6259060403 0.6526845638 0.7062416107 0.7865771812 0.4920134228 0.4920134228 0.4116778523 0.4384563758 0.4384563758 0.2242281879 0.2242281879 0.2510067114 0.4920134228 0.5455704698 0.5723489933 0.5991275168 0.5991275168 0.5991275168 0.5723489933 0.5723489933 0.6259060403 0.6794630872 0.4652348993 0.4384563758 0.3848993289 0.4116778523 0.4116778523 0.2242281879 0.1974496644 0.2510067114 0.5187919463 0.5455704698 0.5455704698 0.5455704698 0.5455704698 0.5187919463 0.5187919463 0.5187919463 0.5187919463 0.5723489933 0.4384563758 0.4116778523 0.3581208054 0.4652348993 0.2777852349 0.3045637584 0.3045637584 0.3045637584 0.3581208054 0.3581208054 0.3313422819 0.3313422819 0.3313422819 0.3313422819 0.3313422819 0.3313422819 0.3581208054 0.4920134228 0.4652348993 0.2510067114 0.2242281879 0.2777852349 0.5455704698 0.5455704698 0.5455704698 0.5455704698 0.5187919463 0.4920134228 0.4920134228 0.4920134228 0.4920134228 0.5187919463 0.4384563758 0.4116778523 0.3045637584 0.3581208054 0.3313422819 0.3313422819 0.3045637584 0.4116778523
1.3221476510 1.6434899329 0.6259060403 0.7062416107 0.8401342282 0.9204697987 0.9740268456 1.0811409396 1.2150335570 1.2685906040 0.5723489933 0.5723489933 0.5991275168 0.5723489933 0.5991275168 0.6259060403 0.6794630872 0.7330201342 0.4920134228 0.4652348993 0.4116778523 0.4384563758 0.4384563758 0.2242281879 0.2242281879 0.2777852349 0.5455704698 0.4652348993 0.5723489933 0.5723489933 0.5991275168 0.5723489933 0.5455704698 0.5723489933 0.5991275168 0.6259060403 0.4652348993 0.4384563758 0.3848993289 0.4116778523 0.4116778523 0.2242281879 0.1974496644 0.2777852349 0.4920134228 0.5187919463 0.5455704698 0.5455704698 0.5187919463 0.5187919463 0.4920134228 0.4920134228 0.5187919463 0.5455704698 0.4384563758 0.4116778523 0.3581208054 0.4384563758 0.2777852349 0.2777852349 0.2777852349 0.2777852349 0.3581208054 0.3581208054 0.3045637584 0.3313422819 0.3045637584 0.3045637584 0.3045637584 0.3313422819 0.3581208054 0.4652348993 0.4652348993 0.2242281879 0.2242281879 0.2777852349 0.5187919463 0.5187919463 0.5187919463 0.5455704698 0.4920134228 0.4920134228 0.4652348993 0.4652348993 0.4920134228 0.4920134228 0.4384563758 0.4116778523 0.3045637584 0.3581208054 0.3313422819 0.3313422819 0.3045637584 0.4116778523
2.7146308725 4.0000000000 0.9472483221 1.5095973154 1.8844966443 2.4200671141 2.7949664430 3.0091946309 3.0895302013 4.0000000000 0.9204697987 1.3757046980 1.5095973154 1.6702684564 1.9112751678 2.1522818792 2.3665100671 2.6342953020 0.7597986577 1.1346979866 0.5455704698 0.5991275168 0.5723489933 0.1974496644 0.1974496644 0.2510067114 0.5723489933 0.5723489933 1.3757046980 0.8401342282 1.5899328859 1.6434899329 1.8577181208 1.9916107383 2.1522818792 2.2861744966 0.7330201342 1.0008053691 0.5723489933 0.5723489933 0.5723489933 0.1974496644 0.1706711409 0.2510067114 0.7330201342 0.7865771812 1.3757046980 0.8669127517 1.5095973154 1.4560402685 1.6434899329 1.7506040268 1.8577181208 1.9380536913 0.6794630872 0.8133557047 0.4920134228 1.5631543624 0.3045637584 0.3045637584 0.3045637584 0.3045637584 0.4920134228 0.3848993289 0.3313422819 0.3581208054 0.3313422819 0.3313422819 0.3313422819 0.3581208054 0.3848993289 0.7062416107 0.7062416107 0.2242281879 0.1974496644 0.2777852349 0.9472483221 1.0275838926 1.6970469799 1.2953691275 1.6167114094 1.4292617450 1.5631543624 1.6434899329 1.7506040268 1.8041610738 0.7062416107 0.8133557047 0.3313422819 0.3848993289 0.3581208054 0.3581208054 0.3313422819 0.5723489933
2.0719463087 2.4200671141 0.7330201342 0.8401342282 1.0008053691 1.1614765101 1.3757046980 1.6167114094 1.9380536913 1.9380536913 0.6794630872 0.6794630872 0.7062416107 0.8133557047 0.8936912752 0.9740268456 1.0543624161 1.1614765101 0.5723489933 0.5455704698 0.4384563758 0.4920134228 0.4652348993 0.1974496644 0.2242281879 0.2510067114 0.5991275168 0.5723489933 0.8401342282 0.6526845638 0.7330201342 0.7865771812 0.8401342282 0.8936912752 0.9472483221 1.0008053691 0.5455704698 0.4920134228 0.4384563758 0.4652348993 0.4652348993 0.1974496644 0.1706711409 0.2777852349 0.5455704698 0.5991275168 0.8133557047 0.6259060403 0.6794630872 0.7062416107 0.7597986577 0.7865771812 0.8133557047 0.8669127517 0.4920134228 0.4652348993 0.3848993289 0.7062416107 0.3045637584 0.3045637584 0.3045637584 0.3045637584 0.4116778523 0.3848993289 0.3313422819 0.3581208054 0.3313422819 0.3313422819 0.3313422819 0.3581208054 0.3848993289 0.5187919463 0.5187919463 0.2242281879 0.2242281879 0.2777852349 0.6259060403 0.7330201342 0.8133557047 0.7330201342 0.6526845638 0.6794630872 0.7330201342 0.7330201342 0.7597986577 0.8133557047 0.5187919463 0.4652348993 0.3313422819 0.3848993289 0.3581208054 0.3581208054 0.3313422819 0.4384563758
2.7949664430 4.0000000000 0.9472483221 1.7773825503 2.0987248322 2.1522818792 2.8485234899 3.0359731544 3.3037583893 4.0000000000 0.9472483221 1.3221476510 1.4828187919 1.8041610738 2.0987248322 2.2058389262 2.4468456376 2.6610738255 0.7330201342 0.8133557047 0.4652348993 0.5187919463 0.4920134228 0.1974496644 0.1974496644 0.2510067114 0.5991275168 0.5991275168 1.5899328859 0.7330201342 1.4560402685 1.8577181208 1.9380536913 2.0451677852 2.2058389262 2.3397315436 0.7330201342 0.7062416107 0.4920134228 0.4920134228 0.4920134228 0.1974496644 0.1706711409 0.2510067114 0.6259060403 0.6794630872 1.6434899329 0.7330201342 1.3221476510 1.7773825503 1.7773825503 1.8309395973 1.9380536913 2.0183892617 0.6526845638 0.6259060403 0.4384563758 1.6970469799 0.2777852349 0.2777852349 0.2777852349 0.2777852349 0.4384563758 0.3581208054 0.3045637584 0.3045637584 0.3045637584 0.3045637584 0.3045637584 0.3045637584 0.3313422819 0.6259060403 0.5991275168 0.2242281879 0.1974496644 0.2777852349 0.8133557047 1.1079194631 1.9916107383 1.0543624161 1.1882550336 1.5899328859 1.7238255034 1.7773825503 1.8309395973 1.9112751678 0.7062416107 0.6794630872 0.2777852349 0.3313422819 0.3313422819 0.3045637584 0.3045637584 0.4920134228
2.9288590604 4.0000000000 1.0275838926 1.8577181208 2.2861744966 2.5807382550 3.3037583893 3.6518791946 3.4376510067 4.0000000000 1.0275838926 1.6167114094 1.8577181208 2.0719463087 2.3665100671 2.9556375839 3.1966442953 3.4644295302 0.8401342282 1.3757046980 0.5187919463 0.5723489933 0.5455704698 0.1974496644 0.1974496644 0.2510067114 0.5991275168 0.5723489933 1.6434899329 0.7865771812 1.8577181208 2.1255033557 2.4200671141 2.6878523490 2.8485234899 3.0359731544 0.8133557047 1.2150335570 0.5455704698 0.5455704698 0.5455704698 0.1974496644 0.1706711409 0.2510067114 0.6794630872 0.7597986577 1.6702684564 0.8133557047 1.7506040268 1.9648322148 2.2058389262 2.3932885906 2.4736241611 2.6075167785 0.7330201342 0.8936912752 0.4920134228 2.2058389262 0.2777852349 0.2777852349 0.3045637584 0.3045637584 0.4920134228 0.3848993289 0.3313422819 0.3313422819 0.3045637584 0.3045637584 0.3313422819 0.3313422819 0.3581208054 0.6794630872 0.6794630872 0.2242281879 0.1974496644 0.2777852349 0.8936912752 1.1882550336 2.3932885906 1.1346979866 1.5899328859 2.0183892617 2.1790604027 2.2861744966 2.3665100671 2.4468456376 0.7865771812 0.9740268456 0.3045637584 0.3581208054 0.3581208054 0.3313422819 0.3313422819 0.5455704698
3.1966442953 4.0000000000 1.1346979866 2.0183892617 2.5539597315 2.7414093960 3.6786577181 4.0000000000 3.7322147651 4.0000000000 1.1346979866 1.6702684564 1.9648322148 2.4200671141 2.7949664430 3.9196644295 4.0000000000 4.0000000000 0.9204697987 1.3757046980 0.5723489933 0.6259060403 0.5723489933 0.1974496644 0.1974496644 0.2510067114 0.5723489933 0.5455704698 1.8577181208 0.8401342282 1.9380536913 2.4200671141 3.0091946309 3.9464429530 4.0000000000 4.0000000000 0.8936912752 1.2418120805 0.5991275168 0.5991275168 0.5991275168 0.1974496644 0.1706711409 0.2510067114 0.7330201342 0.8133557047 1.9112751678 0.8669127517 1.8309395973 2.2326174497 2.7414093960 3.4644295302 3.5983221477 3.7857718121 0.8133557047 1.0811409396 0.5455704698 3.1163087248 0.3045637584 0.3045637584 0.3045637584 0.3313422819 0.5187919463 0.4116778523 0.3581208054 0.3581208054 0.3313422819 0.3313422819 0.3313422819 0.3581208054 0.3848993289 0.7330201342 0.7062416107 0.2242281879 0.1974496644 0.2510067114 0.9472483221 1.0543624161 3.0627516779 1.2150335570 1.6702684564 2.3665100671 2.7146308725 3.2769798658 3.3840939597 3.5447651007 0.8936912752 1.2418120805 0.3313422819 0.3848993289 0.3581208054 0.3581208054 0.3313422819 0.5723489933
3.3840939597 4.0000000000 1.2150335570 2.0987248322 2.7146308725 2.9020805369 4.0000000000 4.0000000000 3.9732214765 4.0000000000 1.2150335570 1.7506040268 2.0451677852 2.4468456376 3.3037583893 4.0000000000 4.0000000000 4.0000000000 0.9740268456 1.4292617450 0.5991275168 0.6526845638 0.6259060403 0.1974496644 0.1974496644 0.2510067114 0.5723489933 0.5723489933 1.9916107383 0.8936912752 2.0451677852 2.6878523490 3.9464429530 4.0000000000 4.0000000000 4.0000000000 0.9740268456 1.3489261745 0.6526845638 0.6259060403 0.6259060403 0.1974496644 0.1706711409 0.2510067114 0.7865771812 0.8401342282 2.0719463087 0.9204697987 1.9112751678 2.5271812081 3.5983221477 4.0000000000 4.0000000000 4.0000000000 0.8669127517 1.2150335570 0.5723489933 4.0000000000 0.3313422819 0.3313422819 0.3313422819 0.3313422819 0.5455704698 0.4116778523 0.3581208054 0.3848993289 0.3581208054 0.3581208054 0.3581208054 0.3848993289 0.4116778523 0.7597986577 0.7597986577 0.2242281879 0.1974496644 0.2777852349 1.0008053691 1.1079194631 3.7589932886 1.2953691275 1.7506040268 2.5807382550 3.5715436242 4.0000000000 4.0000000000 4.0000000000 0.9472483221 1.4024832215 0.3581208054 0.4116778523 0.3848993289 0.3848993289 0.3581208054 0.6259060403
3.5983221477 4.0000000000 1.2953691275 2.2058389262 2.8485234899 3.0895302013 4.0000000000 4.0000000000 4.0000000000 4.0000000000 1.2953691275 1.8309395973 2.1790604027 2.6075167785 3.4912080537 4.0000000000 4.0000000000 4.0000000000 1.0543624161 1.5095973154 0.6526845638 0.7062416107 0.6526845638 0.2242281879 0.2242281879 0.2510067114 0.6259060403 0.5991275168 2.1522818792 0.9472483221 2.2058389262 2.8485234899 4.0000000000 4.0000000000 4.0000000000 4.0000000000 1.0275838926 1.4292617450 0.6794630872 0.6526845638 0.6794630872 0.2242281879 0.1974496644 0.2777852349 0.8401342282 0.8936912752 2.2326174497 0.9740268456 2.0451677852 2.6610738255 3.8661073826 4.0000000000 4.0000000000 4.0000000000 0.9472483221 1.3489261745 0.6259060403 4.0000000000 0.3313422819 0.3581208054 0.3581208054 0.3581208054 0.5991275168 0.4384563758 0.3848993289 0.4116778523 0.3848993289 0.3848993289 0.3848993289 0.4116778523 0.4384563758 0.8133557047 0.8133557047 0.2242281879 0.2242281879 0.2777852349 1.0543624161 1.2418120805 4.0000000000 1.3757046980 1.9112751678 2.8217449664 4.0000000000 4.0000000000 4.0000000000 4.0000000000 1.0275838926 1.5363758389 0.3581208054 0.4384563758 0.4116778523 0.4116778523 0.3848993289 0.6526845638
3.7857718121 4.0000000000 1.4024832215 2.3397315436 3.0359731544 3.2769798658 4.0000000000 4.0000000000 4.0000000000 4.0000000000 1.4024832215 1.9648322148 2.3129530201 2.7949664430 3.7589932886 4.0000000000 4.0000000000 4.0000000000 1.1346979866 1.6434899329 0.7062416107 0.7330201342 0.7062416107 0.2242281879 0.2242281879 0.2777852349 0.6794630872 0.6259060403 2.2861744966 1.0008053691 2.3397315436 3.0359731544 4.0000000000 4.0000000000 4.0000000000 4.0000000000 1.1079194631 1.5363758389 0.7597986577 0.7062416107 0.7330201342 0.2242281879 0.1974496644 0.3045637584 0.8936912752 0.9472483221 2.3665100671 1.0275838926 2.2058389262 2.8485234899 4.0000000000 4.0000000000 4.0000000000 4.0000000000 1.0008053691 1.5095973154 0.6794630872 4.0000000000 0.3581208054 0.3848993289 0.3848993289 0.3848993289 0.6259060403 0.4920134228 0.4384563758 0.4384563758 0.4116778523 0.4116778523 0.4116778523 0.4384563758 0.4652348993 0.8669127517 0.8669127517 0.2510067114 0.2510067114 0.3045637584 1.1346979866 1.4024832215 4.0000000000 1.4828187919 2.0183892617 3.0359731544 4.0000000000 4.0000000000 4.0000000000 4.0000000000 1.0811409396 1.6434899329 0.3848993289 0.4652348993 0.4384563758 0.4384563758 0.4116778523 0.7062416107
1.5363758389 2.5539597315 0.4920134228 0.7330201342 0.9740268456 1.2418120805 1.4292617450 1.5899328859 1.7238255034 2.0719463087 0.4920134228 0.5991275168 0.7062416107 0.8133557047 0.9472483221 1.0543624161 1.1614765101 1.2685906040 0.3848993289 0.4384563758 0.3313422819 0.3581208054 0.3581208054 0.1438926174 0.1438926174 0.1974496644 0.4652348993 0.4652348993 0.7330201342 0.5455704698 0.7330201342 0.8133557047 0.8936912752 0.9740268456 1.0275838926 1.1079194631 0.3848993289 0.4116778523 0.3313422819 0.3581208054 0.3581208054 0.1438926174 0.1171140940 0.1974496644 0.4384563758 0.4920134228 0.7330201342 0.5455704698 0.6526845638 0.7330201342 0.7865771812 0.8401342282 0.8936912752 0.9472483221 0.3313422819 0.3581208054 0.2777852349 0.7597986577 0.1974496644 0.1974496644 0.1974496644 0.1974496644 0.3045637584 0.2510067114 0.2242281879 0.2242281879 0.2242281879 0.2242281879 0.2242281879 0.2242281879 0.2510067114 0.4384563758 0.4116778523 0.1706711409 0.1438926174 0.1974496644 0.5723489933 0.7597986577 0.8401342282 0.7597986577 0.6526845638 0.6794630872 0.7597986577 0.7865771812 0.8401342282 0.8669127517 0.3581208054 0.3848993289 0.1974496644 0.2510067114 0.2510067114 0.2242281879 0.2242281879 0.3313422819
1.9648322148 3.3305369128 0.5455704698 1.6167114094 1.6434899329 1.5363758389 1.9380536913 2.1255033557 2.2593959732 2.7146308725 0.5455704698 0.5991275168 0.7062416107 1.1882550336 1.3757046980 1.4560402685 1.6167114094 1.7506040268 0.4116778523 0.4384563758 0.3045637584 0.3581208054 0.3313422819 0.1438926174 0.1438926174 0.1974496644 0.4384563758 0.4384563758 1.0008053691 0.4920134228 0.7062416107 1.2150335570 1.2418120805 1.3489261745 1.4292617450 1.5363758389 0.4116778523 0.3848993289 0.3045637584 0.3313422819 0.3313422819 0.1438926174 0.1171140940 0.1974496644 0.4116778523 0.4652348993 1.0543624161 0.4920134228 0.6259060403 0.8936912752 0.9740268456 1.0811409396 1.1614765101 1.3221476510 0.3581208054 0.3581208054 0.2777852349 0.8669127517 0.1974496644 0.1974496644 0.1974496644 0.1974496644 0.3045637584 0.2510067114 0.2242281879 0.2242281879 0.2242281879 0.2242281879 0.2242281879 0.2242281879 0.2510067114 0.4384563758 0.3848993289 0.1706711409 0.1438926174 0.1974496644 0.5187919463 0.7330201342 1.3757046980 0.6526845638 0.5991275168 0.7597986577 0.8936912752 0.9740268456 1.0543624161 1.1882550336 0.3848993289 0.3848993289 0.1974496644 0.2510067114 0.2242281879 0.2242281879 0.2242281879 0.3313422819
1.5631543624 1.8309395973 0.4652348993 0.5723489933 0.7062416107 0.8669127517 1.0543624161 1.1882550336 1.5095973154 1.4828187919 0.4384563758 0.4384563758 0.4652348993 0.5723489933 0.6526845638 0.7062416107 0.7865771812 0.8669127517 0.3313422819 0.3313422819 0.2777852349 0.3045637584 0.3045637584 0.1706711409 0.1706711409 0.1974496644 0.3848993289 0.3848993289 0.5723489933 0.4384563758 0.4920134228 0.5455704698 0.5991275168 0.6526845638 0.6794630872 0.7597986577 0.3313422819 0.3045637584 0.2777852349 0.3045637584 0.3045637584 0.1706711409 0.1438926174 0.2242281879 0.3581208054 0.4116778523 0.5455704698 0.4384563758 0.4384563758 0.4920134228 0.5187919463 0.5455704698 0.5991275168 0.6259060403 0.3045637584 0.2777852349 0.2510067114 0.4920134228 0.1974496644 0.1974496644 0.1974496644 0.1974496644 0.2777852349 0.2510067114 0.2242281879 0.2242281879 0.2242281879 0.2242281879 0.2242281879 0.2242281879 0.2510067114 0.3581208054 0.3313422819 0.1706711409 0.1706711409 0.2242281879 0.4384563758 0.5187919463 0.5723489933 0.5187919463 0.4384563758 0.4652348993 0.4920134228 0.5187919463 0.5455704698 0.5723489933 0.3045637584 0.2777852349 0.1974496644 0.2510067114 0.2242281879 0.2242281879 0.2242281879 0.2777852349
1.3221476510 1.6702684564 0.4920134228 0.5723489933 0.6794630872 0.8133557047 0.9472483221 1.1079194631 1.2953691275 1.3489261745 0.4384563758 0.4652348993 0.4920134228 0.5723489933 0.6259060403 0.6794630872 0.7597986577 0.8133557047 0.3848993289 0.3581208054 0.3045637584 0.3313422819 0.3313422819 0.1706711409 0.1706711409 0.1974496644 0.4116778523 0.4116778523 0.5723489933 0.4652348993 0.4920134228 0.5455704698 0.5991275168 0.6259060403 0.6526845638 0.7062416107 0.3581208054 0.3313422819 0.3045637584 0.3313422819 0.3313422819 0.1706711409 0.1438926174 0.2242281879 0.3848993289 0.4384563758 0.5455704698 0.4384563758 0.4652348993 0.4920134228 0.5187919463 0.5455704698 0.5723489933 0.5991275168 0.3313422819 0.3045637584 0.2777852349 0.4920134228 0.1974496644 0.1974496644 0.1974496644 0.2242281879 0.2777852349 0.2510067114 0.2242281879 0.2242281879 0.2242281879 0.2242281879 0.2242281879 0.2242281879 0.2510067114 0.3581208054 0.3581208054 0.1974496644 0.1706711409 0.2242281879 0.4384563758 0.5187919463 0.5723489933 0.5187919463 0.4384563758 0.4920134228 0.4920134228 0.5187919463 0.5455704698 0.5723489933 0.3313422819 0.3045637584 0.2242281879 0.2510067114 0.2510067114 0.2242281879 0.2242281879 0.3045637584
1.4828187919 1.8041610738 0.4920134228 0.5723489933 0.7062416107 0.8401342282 1.0275838926 1.1882550336 1.4292617450 1.4292617450 0.4384563758 0.4652348993 0.4920134228 0.5723489933 0.6526845638 0.7062416107 0.7865771812 0.8669127517 0.3581208054 0.3581208054 0.3045637584 0.3313422819 0.3313422819 0.1706711409 0.1706711409 0.1974496644 0.4116778523 0.4116778523 0.5723489933 0.4652348993 0.4920134228 0.5455704698 0.5991275168 0.6259060403 0.6794630872 0.7330201342 0.3581208054 0.3313422819 0.3045637584 0.3313422819 0.3313422819 0.1706711409 0.1438926174 0.2242281879 0.3848993289 0.4384563758 0.5455704698 0.4384563758 0.4384563758 0.4920134228 0.5187919463 0.5455704698 0.5723489933 0.6259060403 0.3313422819 0.3045637584 0.2777852349 0.4920134228 0.2242281879 0.2242281879 0.2242281879 0.2242281879 0.2777852349 0.2777852349 0.2510067114 0.2510067114 0.2510067114 0.2510067114 0.2510067114 0.2510067114 0.2777852349 0.3581208054 0.3581208054 0.1706711409 0.1706711409 0.2242281879 0.4384563758 0.5187919463 0.5723489933 0.5187919463 0.4384563758 0.4652348993 0.4920134228 0.5187919463 0.5455704698 0.5723489933 0.3313422819 0.3045637584 0.2242281879 0.2777852349 0.2510067114 0.2510067114 0.2510067114 0.3045637584
0.4652348993 0.5991275168 0.1974496644 0.2510067114 0.3045637584 0.3313422819 0.3581208054 0.4116778523 0.4652348993 0.4652348993 0.1706711409 0.1974496644 0.1974496644 0.1974496644 0.2242281879 0.2242281879 0.2510067114 0.2777852349 0.1438926174 0.1706711409 0.1706711409 0.1706711409 0.1974496644 0.1438926174 0.1706711409 0.1974496644 0.2242281879 0.2242281879 0.1974496644 0.1974496644 0.1974496644 0.1974496644 0.1974496644 0.1974496644 0.2242281879 0.2242281879 0.1438926174 0.1438926174 0.1706711409 0.1706711409 0.1706711409 0.1171140940 0.1438926174 0.2242281879 0.1974496644 0.1974496644 0.1974496644 0.1974496644 0.1706711409 0.1706711409 0.1706711409 0.1706711409 0.1974496644 0.1974496644 0.1438926174 0.1438926174 0.1438926174 0.1438926174 0.1706711409 0.1706711409 0.1706711409 0.1706711409 0.1706711409 0.1706711409 0.1706711409 0.1706711409 0.1706711409 0.1706711409 0.1706711409 0.1706711409 0.1706711409 0.1706711409 0.1706711409 0.1438926174 0.1974496644 0.2242281879 0.1974496644 0.1974496644 0.1974496644 0.1974496644 0.1706711409 0.1706711409 0.1706711409 0.1706711409 0.1706711409 0.1706711409 0.1438926174 0.1438926174 0.1438926174 0.1438926174 0.1438926174 0.1438926174 0.1438926174 0.1438926174
0.3848993289 0.4920134228 0.1706711409 0.1974496644 0.2510067114 0.2777852349 0.3045637584 0.3581208054 0.3848993289 0.4116778523 0.1438926174 0.1706711409 0.1706711409 0.1706711409 0.1706711409 0.1974496644 0.2242281879 0.2242281879 0.1171140940 0.1438926174 0.1438926174 0.1438926174 0.1706711409 0.1438926174 0.1171140940 0.1438926174 0.1974496644 0.1974496644 0.1706711409 0.1706711409 0.1706711409 0.1706711409 0.1706711409 0.1706711409 0.1974496644 0.1974496644 0.1171140940 0.1171140940 0.1438926174 0.1438926174 0.1438926174 0.1438926174 0.1171140940 0.1438926174 0.1706711409 0.1706711409 0.1706711409 0.1706711409 0.1438926174 0.1438926174 0.1438926174 0.1438926174 0.1706711409 0.1706711409 0.1171140940 0.1171140940 0.1171140940 0.1438926174 0.1438926174 0.1438926174 0.1438926174 0.1438926174 0.1438926174 0.1438926174 0.1438926174 0.1438926174 0.1438926174 0.1438926174 0.1438926174 0.1438926174 0.1438926174 0.1438926174 0.1438926174 0.1438926174 0.1171140940 0.1438926174 0.1706711409 0.1706711409 0.1706711409 0.1706711409 0.1438926174 0.1438926174 0.1438926174 0.1438926174 0.1438926174 0.1438926174 0.1171140940 0.1171140940 0.1171140940 0.1171140940 0.1171140940 0.1438926174 0.1438926174 0.1171140940
0.5991275168 0.7330201342 0.2777852349 0.3313422819 0.3848993289 0.4384563758 0.4384563758 0.5187919463 0.5723489933 0.5991275168 0.2510067114 0.2510067114 0.2510067114 0.2777852349 0.2777852349 0.2777852349 0.3045637584 0.3581208054 0.1974496644 0.2242281879 0.2242281879 0.2242281879 0.2510067114 0.2242281879 0.1974496644 0.1974496644 0.2510067114 0.2777852349 0.2510067114 0.2777852349 0.2510067114 0.2510067114 0.2510067114 0.2510067114 0.2777852349 0.3045637584 0.1974496644 0.1974496644 0.2242281879 0.2242281879 0.2242281879 0.2242281879 0.1438926174 0.1974496644 0.2510067114 0.2510067114 0.2510067114 0.2510067114 0.2242281879 0.2242281879 0.2242281879 0.2242281879 0.2510067114 0.2510067114 0.1974496644 0.1706711409 0.1974496644 0.1974496644 0.1974496644 0.1974496644 0.2242281879 0.2242281879 0.2242281879 0.1974496644 0.2242281879 0.2242281879 0.2242281879 0.2242281879 0.2242281879 0.2242281879 0.2242281879 0.2242281879 0.2242281879 0.2242281879 0.1974496644 0.1974496644 0.2510067114 0.2510067114 0.2510067114 0.2510067114 0.2242281879 0.2242281879 0.2242281879 0.2242281879 0.2242281879 0.2242281879 0.1706711409 0.1706711409 0.1974496644 0.1706711409 0.1974496644 0.1974496644 0.1974496644 0.1974496644
1.8041610738 2.1790604027 0.5991275168 0.7330201342 0.8936912752 1.0275838926 1.2418120805 1.4292617450 1.8041610738 1.7238255034 0.5723489933 0.5723489933 0.5991275168 0.7062416107 0.7865771812 0.8669127517 0.9472483221 1.0543624161 0.4652348993 0.4384563758 0.3848993289 0.4116778523 0.4116778523 0.1974496644 0.1974496644 0.2242281879 0.5187919463 0.4920134228 0.7330201342 0.5455704698 0.6259060403 0.6794630872 0.7330201342 0.7865771812 0.8401342282 0.8936912752 0.4384563758 0.4116778523 0.3581208054 0.3848993289 0.3848993289 0.1974496644 0.1706711409 0.2510067114 0.4652348993 0.5187919463 0.6794630872 0.5455704698 0.5723489933 0.6259060403 0.6526845638 0.6794630872 0.7062416107 0.7597986577 0.4116778523 0.3848993289 0.3313422819 0.5991275168 0.2510067114 0.2777852349 0.2777852349 0.2777852349 0.3581208054 0.3313422819 0.3045637584 0.3045637584 0.3045637584 0.3045637584 0.3045637584 0.3045637584 0.3313422819 0.4384563758 0.4384563758 0.2242281879 0.1974496644 0.2510067114 0.5455704698 0.6526845638 0.7062416107 0.6526845638 0.5723489933 0.5991275168 0.6259060403 0.6259060403 0.6794630872 0.7062416107 0.4116778523 0.3848993289 0.2777852349 0.3313422819 0.3045637584 0.3045637584 0.2777852349 0.3581208054
2.0719463087 2.2593959732 0.6794630872 0.7865771812 0.9472483221 1.1079194631 1.2953691275 1.5095973154 1.8309395973 1.8041610738 0.6259060403 0.6526845638 0.6794630872 0.7597986577 0.8669127517 0.9204697987 1.0008053691 1.1079194631 0.5187919463 0.4920134228 0.4116778523 0.4384563758 0.4384563758 0.1974496644 0.1974496644 0.2242281879 0.5455704698 0.5187919463 0.7865771812 0.5991275168 0.6794630872 0.7597986577 0.8133557047 0.8401342282 0.8936912752 0.9472483221 0.4920134228 0.4652348993 0.4116778523 0.4384563758 0.4384563758 0.1974496644 0.1706711409 0.2510067114 0.5187919463 0.5455704698 0.7597986577 0.5991275168 0.6259060403 0.6794630872 0.7062416107 0.7330201342 0.7865771812 0.8133557047 0.4652348993 0.4384563758 0.3581208054 0.6794630872 0.2777852349 0.2777852349 0.2777852349 0.2777852349 0.3848993289 0.3581208054 0.3045637584 0.3045637584 0.3045637584 0.3045637584 0.3045637584 0.3045637584 0.3313422819 0.4920134228 0.4920134228 0.1974496644 0.1974496644 0.2510067114 0.5991275168 0.7062416107 0.7865771812 0.6794630872 0.6259060403 0.6526845638 0.6794630872 0.7062416107 0.7330201342 0.7597986577 0.4920134228 0.4384563758 0.2777852349 0.3313422819 0.3313422819 0.3045637584 0.3045637584 0.4116778523
2.6878523490 4.0000000000 0.9204697987 1.5363758389 1.8844966443 2.4736241611 2.8217449664 3.0359731544 3.0627516779 4.0000000000 0.9204697987 1.4560402685 1.5631543624 1.6970469799 1.9648322148 2.2326174497 2.4468456376 2.7414093960 0.7330201342 1.1614765101 0.5187919463 0.5723489933 0.5455704698 0.1974496644 0.1974496644 0.2242281879 0.5455704698 0.5455704698 1.3757046980 0.8133557047 1.6434899329 1.6702684564 1.9112751678 2.0719463087 2.2326174497 2.3665100671 0.7330201342 1.0543624161 0.5455704698 0.5455704698 0.5455704698 0.1974496644 0.1706711409 0.2510067114 0.6794630872 0.7597986577 1.4024832215 0.8133557047 1.5899328859 1.5095973154 1.6970469799 1.8041610738 1.9380536913 2.0183892617 0.6526845638 0.7865771812 0.4920134228 1.6167114094 0.2777852349 0.2777852349 0.2777852349 0.3045637584 0.4920134228 0.3848993289 0.3313422819 0.3313422819 0.3045637584 0.3045637584 0.3313422819 0.3313422819 0.3581208054 0.6794630872 0.6794630872 0.1974496644 0.1974496644 0.2510067114 0.8936912752 0.9740268456 1.7238255034 1.2418120805 1.6970469799 1.4828187919 1.6167114094 1.6970469799 1.8309395973 1.8844966443 0.7062416107 0.8133557047 0.3045637584 0.3581208054 0.3581208054 0.3313422819 0.3313422819 0.5455704698
2.2326174497 2.5271812081 0.7330201342 0.8401342282 1.0275838926 1.1882550336 1.4292617450 1.6702684564 2.0719463087 2.0183892617 0.6794630872 0.6794630872 0.7330201342 0.8133557047 0.9204697987 1.0008053691 1.1079194631 1.1882550336 0.5723489933 0.5455704698 0.4384563758 0.4652348993 0.4652348993 0.1974496644 0.1974496644 0.2242281879 0.5455704698 0.5455704698 0.8669127517 0.6259060403 0.7330201342 0.8133557047 0.8669127517 0.9204697987 0.9740268456 1.0275838926 0.5455704698 0.4920134228 0.4384563758 0.4384563758 0.4384563758 0.1974496644 0.1706711409 0.2510067114 0.5455704698 0.5991275168 0.8133557047 0.6259060403 0.6794630872 0.7330201342 0.7597986577 0.7865771812 0.8401342282 0.8936912752 0.4920134228 0.4652348993 0.3848993289 0.7062416107 0.2777852349 0.2777852349 0.2777852349 0.3045637584 0.4116778523 0.3581208054 0.3313422819 0.3313422819 0.3045637584 0.3045637584 0.3045637584 0.3313422819 0.3581208054 0.5187919463 0.5187919463 0.1974496644 0.1974496644 0.2510067114 0.6259060403 0.7597986577 0.8401342282 0.7330201342 0.6794630872 0.7062416107 0.7330201342 0.7597986577 0.7865771812 0.8133557047 0.5187919463 0.4652348993 0.3045637584 0.3581208054 0.3313422819 0.3313422819 0.3045637584 0.4384563758
2.6342953020 4.0000000000 0.8669127517 1.6434899329 1.9916107383 2.0183892617 2.6878523490 2.8485234899 3.0895302013 4.0000000000 0.8669127517 1.1614765101 1.3489261745 1.6970469799 1.9916107383 2.0719463087 2.3129530201 2.5004026846 0.6794630872 0.7062416107 0.4116778523 0.4652348993 0.4384563758 0.1706711409 0.1706711409 0.2242281879 0.5455704698 0.5187919463 1.5095973154 0.6794630872 1.3221476510 1.7506040268 1.8309395973 1.9112751678 2.0451677852 2.2058389262 0.6526845638 0.6259060403 0.4384563758 0.4652348993 0.4384563758 0.1706711409 0.1438926174 0.2242281879 0.5723489933 0.6259060403 1.5899328859 0.6794630872 1.1882550336 1.6702684564 1.6434899329 1.6970469799 1.8041610738 1.9112751678 0.5991275168 0.5455704698 0.3848993289 1.5631543624 0.2510067114 0.2510067114 0.2510067114 0.2510067114 0.3848993289 0.3313422819 0.2777852349 0.2777852349 0.2777852349 0.2777852349 0.2777852349 0.2777852349 0.3045637584 0.5723489933 0.5455704698 0.1974496644 0.1974496644 0.2510067114 0.7597986577 1.0008053691 1.8577181208 0.9740268456 1.0543624161 1.4828187919 1.5899328859 1.6434899329 1.6970469799 1.7773825503 0.6526845638 0.5991275168 0.2777852349 0.3045637584 0.3045637584 0.2777852349 0.2777852349 0.4384563758
2.6610738255 4.0000000000 0.9204697987 1.6970469799 2.0987248322 2.3932885906 3.0091946309 3.3037583893 3.1163087248 4.0000000000 0.9204697987 1.5631543624 1.8041610738 1.9380536913 2.1790604027 2.7681879195 2.9824161074 3.2502013423 0.7330201342 1.2685906040 0.4652348993 0.5187919463 0.4920134228 0.1706711409 0.1706711409 0.2242281879 0.5187919463 0.5187919463 1.4560402685 0.7062416107 1.7773825503 1.9648322148 2.2326174497 2.5271812081 2.6610738255 2.8485234899 0.7330201342 0.8936912752 0.4920134228 0.4920134228 0.4920134228 0.1706711409 0.1438926174 0.2242281879 0.6259060403 0.6794630872 1.5095973154 0.7330201342 1.6702684564 1.8041610738 2.0451677852 2.2593959732 2.3397315436 2.4468456376 0.6526845638 0.7597986577 0.4384563758 2.0719463087 0.2510067114 0.2510067114 0.2510067114 0.2777852349 0.4384563758 0.3313422819 0.3045637584 0.3045637584 0.2777852349 0.2777852349 0.2777852349 0.3045637584 0.3313422819 0.6259060403 0.5991275168 0.1974496644 0.1974496644 0.2510067114 0.8133557047 1.0275838926 2.1522818792 1.0275838926 1.4828187919 1.8309395973 1.9916107383 2.1522818792 2.2326174497 2.3129530201 0.7062416107 0.8133557047 0.2777852349 0.3313422819 0.3045637584 0.3045637584 0.2777852349 0.4920134228
2.8485234899 4.0000000000 1.0008053691 1.8577181208 2.3129530201 2.4468456376 3.3573154362 3.6518791946 3.3305369128 4.0000000000 1.0008053691 1.5363758389 1.7773825503 2.1790604027 2.5271812081 3.5179865772 4.0000000000 4.0000000000 0.8133557047 1.1614765101 0.4920134228 0.5455704698 0.5187919463 0.1706711409 0.1706711409 0.2242281879 0.5187919463 0.4920134228 1.6434899329 0.7597986577 1.7773825503 2.2058389262 2.7414093960 3.5983221477 3.8661073826 4.0000000000 0.7865771812 0.9740268456 0.5187919463 0.5187919463 0.5187919463 0.1706711409 0.1438926174 0.2242281879 0.6526845638 0.7062416107 1.6970469799 0.7597986577 1.6434899329 2.0451677852 2.5004026846 3.1698657718 3.3037583893 3.5179865772 0.7330201342 0.8133557047 0.4652348993 2.8753020134 0.2777852349 0.2777852349 0.2777852349 0.2777852349 0.4652348993 0.3581208054 0.3045637584 0.3313422819 0.3045637584 0.3045637584 0.3045637584 0.3313422819 0.3313422819 0.6526845638 0.6259060403 0.1974496644 0.1706711409 0.2242281879 0.8401342282 0.9204697987 2.6878523490 1.0811409396 1.4828187919 2.1255033557 2.4736241611 3.0359731544 3.1163087248 3.2769798658 0.7865771812 0.8936912752 0.3045637584 0.3581208054 0.3313422819 0.3045637584 0.3045637584 0.5187919463
2.9824161074 4.0000000000 1.0543624161 1.9112751678 2.4200671141 2.5539597315 3.6251006711 3.8393288591 3.4912080537 4.0000000000 1.0543624161 1.5363758389 1.8577181208 2.1522818792 2.9020805369 4.0000000000 4.0000000000 4.0000000000 0.8669127517 1.2150335570 0.5187919463 0.5723489933 0.5455704698 0.1706711409 0.1706711409 0.2242281879 0.5187919463 0.4920134228 1.7506040268 0.7865771812 1.8309395973 2.3932885906 3.4644295302 4.0000000000 4.0000000000 4.0000000000 0.8401342282 1.0811409396 0.5455704698 0.5455704698 0.5455704698 0.1706711409 0.1438926174 0.2242281879 0.6794630872 0.7330201342 1.8041610738 0.7865771812 1.6970469799 2.2593959732 3.1698657718 4.0000000000 4.0000000000 4.0000000000 0.7597986577 0.8936912752 0.4920134228 4.0000000000 0.2777852349 0.2777852349 0.2777852349 0.3045637584 0.4920134228 0.3581208054 0.3313422819 0.3313422819 0.3045637584 0.3045637584 0.3045637584 0.3313422819 0.3581208054 0.6794630872 0.6526845638 0.1974496644 0.1706711409 0.2242281879 0.8669127517 0.9204697987 3.1966442953 1.1079194631 1.5363758389 2.2861744966 3.1430872483 4.0000000000 4.0000000000 4.0000000000 0.8401342282 1.0008053691 0.3045637584 0.3581208054 0.3313422819 0.3313422819 0.3045637584 0.5455704698
3.1430872483 4.0000000000 1.1346979866 1.9916107383 2.5004026846 2.6878523490 3.7054362416 4.0000000000 3.6786577181 4.0000000000 1.1346979866 1.6434899329 1.9380536913 2.2593959732 3.0091946309 4.0000000000 4.0000000000 4.0000000000 0.9204697987 1.3221476510 0.5455704698 0.5991275168 0.5723489933 0.1706711409 0.1706711409 0.2242281879 0.5187919463 0.5187919463 1.8577181208 0.8133557047 1.9380536913 2.4736241611 3.5983221477 4.0000000000 4.0000000000 4.0000000000 0.8936912752 1.1614765101 0.5991275168 0.5723489933 0.5723489933 0.1974496644 0.1706711409 0.2510067114 0.7062416107 0.7865771812 1.9380536913 0.8401342282 1.8041610738 2.3397315436 3.3037583893 4.0000000000 4.0000000000 4.0000000000 0.8133557047 1.0275838926 0.5187919463 4.0000000000 0.3045637584 0.3045637584 0.3045637584 0.3045637584 0.4920134228 0.3848993289 0.3313422819 0.3581208054 0.3313422819 0.3313422819 0.3313422819 0.3581208054 0.3848993289 0.7062416107 0.6794630872 0.1974496644 0.1974496644 0.2510067114 0.9204697987 1.0008053691 3.8393288591 1.1882550336 1.6167114094 2.4736241611 3.4108724832 4.0000000000 4.0000000000 4.0000000000 0.8669127517 1.1346979866 0.3313422819 0.3848993289 0.3581208054 0.3313422819 0.3313422819 0.5723489933
3.2502013423 4.0000000000 1.1882550336 2.0719463087 2.6342953020 2.8217449664 3.8661073826 4.0000000000 3.7589932886 4.0000000000 1.1882550336 1.7506040268 2.0183892617 2.3665100671 3.1966442953 4.0000000000 4.0000000000 4.0000000000 0.9740268456 1.4024832215 0.5723489933 0.6259060403 0.5991275168 0.1974496644 0.1974496644 0.2242281879 0.5723489933 0.5455704698 1.9380536913 0.8669127517 2.0183892617 2.6075167785 3.7857718121 4.0000000000 4.0000000000 4.0000000000 0.9472483221 1.3221476510 0.6259060403 0.5991275168 0.6259060403 0.1974496644 0.1706711409 0.2510067114 0.7597986577 0.8133557047 2.0183892617 0.8936912752 1.9112751678 2.4468456376 3.5179865772 4.0000000000 4.0000000000 4.0000000000 0.8669127517 1.1882550336 0.5455704698 4.0000000000 0.3045637584 0.3313422819 0.3313422819 0.3313422819 0.5455704698 0.4116778523 0.3581208054 0.3848993289 0.3581208054 0.3581208054 0.3581208054 0.3581208054 0.3848993289 0.7597986577 0.7330201342 0.2242281879 0.1974496644 0.2510067114 0.9740268456 1.1079194631 3.6786577181 1.2418120805 1.7238255034 2.6075167785 3.6518791946 4.0000000000 4.0000000000 4.0000000000 0.9204697987 1.3757046980 0.3313422819 0.4116778523 0.3848993289 0.3581208054 0.3581208054 0.5991275168
1.4292617450 2.3397315436 0.4652348993 0.6794630872 0.8936912752 1.1079194631 1.3221476510 1.4560402685 1.5899328859 1.9112751678 0.4384563758 0.5455704698 0.6259060403 0.7597986577 0.8669127517 0.9472483221 1.0543624161 1.1614765101 0.3581208054 0.4116778523 0.3045637584 0.3313422819 0.3313422819 0.1438926174 0.1438926174 0.1706711409 0.4384563758 0.4384563758 0.6794630872 0.4920134228 0.6526845638 0.7330201342 0.8133557047 0.8669127517 0.9472483221 1.0008053691 0.3313422819 0.3581208054 0.3045637584 0.3313422819 0.3313422819 0.1438926174 0.1171140940 0.1974496644 0.4116778523 0.4652348993 0.6526845638 0.4920134228 0.5991275168 0.6526845638 0.7330201342 0.7597986577 0.8133557047 0.8669127517 0.3045637584 0.3313422819 0.2510067114 0.6794630872 0.1706711409 0.1706711409 0.1706711409 0.1974496644 0.2777852349 0.2242281879 0.1974496644 0.1974496644 0.1974496644 0.1974496644 0.1974496644 0.2242281879 0.2242281879 0.4116778523 0.3848993289 0.1438926174 0.1438926174 0.1974496644 0.5187919463 0.6794630872 0.7597986577 0.6794630872 0.5991275168 0.6259060403 0.6794630872 0.7330201342 0.7597986577 0.7865771812 0.3313422819 0.3313422819 0.1974496644 0.2510067114 0.2242281879 0.2242281879 0.1974496644 0.3313422819
1.8309395973 3.1966442953 0.4920134228 1.6167114094 1.6434899329 1.4828187919 1.8844966443 2.0719463087 2.1255033557 2.6075167785 0.4652348993 0.5455704698 0.5991275168 0.8669127517 1.3489261745 1.4024832215 1.5899328859 1.7238255034 0.3848993289 0.3848993289 0.2777852349 0.3313422819 0.3045637584 0.1438926174 0.1438926174 0.1706711409 0.4116778523 0.4116778523 0.8133557047 0.4652348993 0.6259060403 0.8936912752 1.0811409396 1.2150335570 1.3489261745 1.5095973154 0.3581208054 0.3581208054 0.2777852349 0.3045637584 0.3045637584 0.1438926174 0.1171140940 0.1706711409 0.3848993289 0.4384563758 0.7865771812 0.4652348993 0.5455704698 0.7597986577 0.8133557047 0.8936912752 1.0275838926 1.1882550336 0.3313422819 0.3313422819 0.2510067114 0.7597986577 0.1706711409 0.1706711409 0.1706711409 0.1706711409 0.2777852349 0.2242281879 0.1974496644 0.1974496644 0.1974496644 0.1974496644 0.1974496644 0.1974496644 0.2242281879 0.3848993289 0.3581208054 0.1438926174 0.1438926174 0.1974496644 0.4652348993 0.6526845638 1.0543624161 0.5991275168 0.5187919463 0.6526845638 0.7597986577 0.8133557047 0.8936912752 1.0008053691 0.3581208054 0.3313422819 0.1974496644 0.2242281879 0.2242281879 0.1974496644 0.1974496644 0.3045637584
1.2953691275 1.6434899329 0.4116778523 0.4920134228 0.6259060403 0.7597986577 0.9204697987 1.0811409396 1.2953691275 1.3221476510 0.3581208054 0.3848993289 0.4116778523 0.4920134228 0.5723489933 0.6259060403 0.7062416107 0.7865771812 0.3045637584 0.3045637584 0.2510067114 0.2777852349 0.2777852349 0.1438926174 0.1438926174 0.1706711409 0.3581208054 0.3581208054 0.4920134228 0.3848993289 0.4384563758 0.4920134228 0.5455704698 0.5723489933 0.6259060403 0.6794630872 0.2777852349 0.2777852349 0.2510067114 0.2777852349 0.2777852349 0.1438926174 0.1171140940 0.1974496644 0.3313422819 0.3581208054 0.4920134228 0.3848993289 0.3848993289 0.4384563758 0.4652348993 0.4920134228 0.5187919463 0.5455704698 0.2510067114 0.2510067114 0.2242281879 0.4384563758 0.1706711409 0.1706711409 0.1706711409 0.1974496644 0.2510067114 0.2242281879 0.1974496644 0.1974496644 0.1974496644 0.1974496644 0.1974496644 0.1974496644 0.2242281879 0.3045637584 0.3045637584 0.1438926174 0.1438926174 0.1974496644 0.3848993289 0.4652348993 0.5187919463 0.4652348993 0.3848993289 0.4116778523 0.4384563758 0.4652348993 0.4920134228 0.5187919463 0.2777852349 0.2510067114 0.1974496644 0.2242281879 0.1974496644 0.1974496644 0.1974496644 0.2510067114
2.7414093960 4.0000000000 0.9472483221 1.8041610738 2.2593959732 2.3665100671 3.3037583893 3.5983221477 3.1966442953 4.0000000000 0.9472483221 1.4560402685 1.7238255034 1.9380536913 2.6342953020 4.0000000000 4.0000000000 4.0000000000 0.7597986577 1.0008053691 0.4652348993 0.5187919463 0.4652348993 0.1438926174 0.1438926174 0.1974496644 0.4652348993 0.4384563758 1.5631543624 0.7062416107 1.6970469799 2.2058389262 3.1163087248 4.0000000000 4.0000000000 4.0000000000 0.7597986577 0.8669127517 0.4920134228 0.4920134228 0.4920134228 0.1438926174 0.1438926174 0.1974496644 0.5991275168 0.6794630872 1.6167114094 0.7062416107 1.5631543624 2.0719463087 2.8753020134 4.0000000000 4.0000000000 4.0000000000 0.6794630872 0.7597986577 0.4384563758 4.0000000000 0.2510067114 0.2510067114 0.2510067114 0.2510067114 0.4384563758 0.3313422819 0.2777852349 0.3045637584 0.2777852349 0.2777852349 0.2777852349 0.3045637584 0.3045637584 0.6259060403 0.5723489933 0.1706711409 0.1706711409 0.1974496644 0.7865771812 0.8133557047 2.8485234899 1.0008053691 1.3757046980 2.1522818792 2.9288590604 4.0000000000 4.0000000000 4.0000000000 0.7330201342 0.8133557047 0.2777852349 0.3313422819 0.3045637584 0.3045637584 0.2777852349 0.4920134228
0.6794630872 0.8669127517 0.2510067114 0.3313422819 0.3848993289 0.4384563758 0.5187919463 0.5991275168 0.7062416107 0.7062416107 0.2242281879 0.2510067114 0.2510067114 0.3045637584 0.3313422819 0.3581208054 0.3848993289 0.4384563758 0.1974496644 0.1974496644 0.2242281879 0.2242281879 0.2242281879 0.1706711409 0.1706711409 0.1974496644 0.2777852349 0.2777852349 0.3045637584 0.3045637584 0.2777852349 0.2777852349 0.3045637584 0.3313422819 0.3313422819 0.3581208054 0.1974496644 0.1974496644 0.1974496644 0.1974496644 0.2242281879 0.1706711409 0.1438926174 0.1974496644 0.2510067114 0.2777852349 0.2777852349 0.2777852349 0.2510067114 0.2510067114 0.2777852349 0.2777852349 0.3045637584 0.3045637584 0.1706711409 0.1706711409 0.1706711409 0.2510067114 0.1438926174 0.1438926174 0.1438926174 0.1438926174 0.1974496644 0.1706711409 0.1438926174 0.1438926174 0.1438926174 0.1438926174 0.1438926174 0.1706711409 0.1706711409 0.1974496644 0.2242281879 0.1706711409 0.1706711409 0.2242281879 0.2777852349 0.2777852349 0.3045637584 0.3045637584 0.2510067114 0.2510067114 0.2510067114 0.2777852349 0.2777852349 0.3045637584 0.1706711409 0.1706711409 0.1438926174 0.1706711409 0.1706711409 0.1706711409 0.1438926174 0.1974496644
0.6794630872 0.8936912752 0.2777852349 0.3313422819 0.3848993289 0.4384563758 0.5187919463 0.5991275168 0.7062416107 0.7062416107 0.2510067114 0.2510067114 0.2777852349 0.3045637584 0.3313422819 0.3581208054 0.3848993289 0.4384563758 0.1974496644 0.1974496644 0.2242281879 0.2242281879 0.2510067114 0.1706711409 0.1706711409 0.1974496644 0.3045637584 0.2777852349 0.3045637584 0.3045637584 0.2777852349 0.2777852349 0.3045637584 0.3313422819 0.3581208054 0.3848993289 0.1974496644 0.1974496644 0.1974496644 0.1974496644 0.2242281879 0.1706711409 0.1438926174 0.1974496644 0.2777852349 0.2777852349 0.2777852349 0.2777852349 0.2510067114 0.2510067114 0.2777852349 0.2777852349 0.3045637584 0.3313422819 0.1706711409 0.1706711409 0.1706711409 0.2510067114 0.1438926174 0.1438926174 0.1438926174 0.1438926174 0.1974496644 0.1706711409 0.1438926174 0.1706711409 0.1438926174 0.1438926174 0.1706711409 0.1706711409 0.1706711409 0.2242281879 0.2510067114 0.1706711409 0.1706711409 0.2242281879 0.2777852349 0.3045637584 0.3045637584 0.3045637584 0.2510067114 0.2510067114 0.2777852349 0.2777852349 0.2777852349 0.3045637584 0.1974496644 0.1706711409 0.1438926174 0.1706711409 0.1706711409 0.1706711409 0.1438926174 0.1974496644
0.6794630872 0.8936912752 0.2777852349 0.3313422819 0.3848993289 0.4384563758 0.5187919463 0.5991275168 0.7062416107 0.7330201342 0.2510067114 0.2777852349 0.2777852349 0.3045637584 0.3313422819 0.3581208054 0.4116778523 0.4384563758 0.1974496644 0.2242281879 0.2242281879 0.2242281879 0.2510067114 0.1706711409 0.1706711409 0.1974496644 0.3045637584 0.2777852349 0.3045637584 0.3045637584 0.2777852349 0.3045637584 0.3045637584 0.3313422819 0.3581208054 0.3848993289 0.1974496644 0.1974496644 0.1974496644 0.1974496644 0.2242281879 0.1706711409 0.1438926174 0.2242281879 0.2777852349 0.2777852349 0.2777852349 0.2777852349 0.2510067114 0.2510067114 0.2777852349 0.2777852349 0.3045637584 0.3313422819 0.1706711409 0.1706711409 0.1706711409 0.2510067114 0.1438926174 0.1438926174 0.1438926174 0.1438926174 0.1974496644 0.1706711409 0.1438926174 0.1706711409 0.1706711409 0.1706711409 0.1706711409 0.1706711409 0.1706711409 0.2242281879 0.2510067114 0.1706711409 0.1706711409 0.2242281879 0.2777852349 0.3045637584 0.3045637584 0.3045637584 0.2510067114 0.2510067114 0.2777852349 0.2777852349 0.2777852349 0.3045637584 0.1974496644 0.1706711409 0.1438926174 0.1706711409 0.1706711409 0.1706711409 0.1438926174 0.1974496644
0.7062416107 0.9204697987 0.2777852349 0.3313422819 0.3848993289 0.4652348993 0.5187919463 0.6259060403 0.7330201342 0.7330201342 0.2510067114 0.2777852349 0.2777852349 0.3045637584 0.3313422819 0.3581208054 0.4116778523 0.4384563758 0.1974496644 0.2242281879 0.2242281879 0.2242281879 0.2510067114 0.1706711409 0.1706711409 0.1974496644 0.3045637584 0.2777852349 0.3045637584 0.3045637584 0.2777852349 0.3045637584 0.3313422819 0.3313422819 0.3581208054 0.3848993289 0.1974496644 0.1974496644 0.1974496644 0.2242281879 0.2242281879 0.1706711409 0.1438926174 0.2242281879 0.2777852349 0.2777852349 0.3045637584 0.3045637584 0.2510067114 0.2777852349 0.2777852349 0.3045637584 0.3045637584 0.3313422819 0.1974496644 0.1706711409 0.1974496644 0.2510067114 0.1438926174 0.1438926174 0.1438926174 0.1438926174 0.1974496644 0.1706711409 0.1706711409 0.1706711409 0.1706711409 0.1706711409 0.1706711409 0.1706711409 0.1706711409 0.2242281879 0.2510067114 0.1706711409 0.1706711409 0.2242281879 0.2777852349 0.3045637584 0.3045637584 0.3045637584 0.2510067114 0.2777852349 0.2777852349 0.2777852349 0.2777852349 0.3045637584 0.1974496644 0.1974496644 0.1438926174 0.1706711409 0.1706711409 0.1706711409 0.1706711409 0.1974496644
1.1079194631 1.4560402685 0.4116778523 0.4920134228 0.5991275168 0.7062416107 0.8401342282 0.9740268456 1.1346979866 1.1882550336 0.3848993289 0.4116778523 0.4116778523 0.4920134228 0.5455704698 0.5991275168 0.6526845638 0.7330201342 0.3045637584 0.3045637584 0.2777852349 0.3045637584 0.3045637584 0.1706711409 0.1706711409 0.1974496644 0.3581208054 0.3581208054 0.4920134228 0.4116778523 0.4384563758 0.4920134228 0.5187919463 0.5455704698 0.5991275168 0.6259060403 0.3045637584 0.3045637584 0.2777852349 0.2777852349 0.2777852349 0.1706711409 0.1438926174 0.2242281879 0.3581208054 0.3848993289 0.4920134228 0.4116778523 0.3848993289 0.4384563758 0.4652348993 0.4920134228 0.4920134228 0.5455704698 0.2777852349 0.2777852349 0.2510067114 0.4384563758 0.1974496644 0.1974496644 0.1974496644 0.1974496644 0.2510067114 0.2510067114 0.1974496644 0.2242281879 0.1974496644 0.2242281879 0.2242281879 0.2242281879 0.2510067114 0.3313422819 0.3313422819 0.1706711409 0.1706711409 0.2242281879 0.4116778523 0.4652348993 0.4920134228 0.4652348993 0.3848993289 0.4116778523 0.4384563758 0.4652348993 0.4652348993 0.4920134228 0.3045637584 0.2777852349 0.1974496644 0.2242281879 0.2242281879 0.2242281879 0.1974496644 0.2777852349
0.9204697987 1.1346979866 0.3581208054 0.4116778523 0.4920134228 0.5723489933 0.6526845638 0.7597986577 0.8936912752 0.9204697987 0.3045637584 0.3313422819 0.3313422819 0.3848993289 0.4116778523 0.4652348993 0.5187919463 0.5455704698 0.2777852349 0.2777852349 0.2777852349 0.2777852349 0.3045637584 0.1706711409 0.1706711409 0.1974496644 0.3581208054 0.3581208054 0.3848993289 0.3848993289 0.3581208054 0.3848993289 0.4116778523 0.4116778523 0.4384563758 0.4920134228 0.2510067114 0.2510067114 0.2510067114 0.2510067114 0.2777852349 0.1706711409 0.1438926174 0.1974496644 0.3313422819 0.3581208054 0.3848993289 0.3581208054 0.3313422819 0.3313422819 0.3581208054 0.3581208054 0.3848993289 0.4116778523 0.2242281879 0.2242281879 0.2242281879 0.3313422819 0.1706711409 0.1706711409 0.1706711409 0.1706711409 0.2510067114 0.2242281879 0.1974496644 0.1974496644 0.1974496644 0.1974496644 0.1974496644 0.1974496644 0.2242281879 0.2777852349 0.3045637584 0.1706711409 0.1706711409 0.2242281879 0.3581208054 0.3848993289 0.3848993289 0.3848993289 0.3045637584 0.3313422819 0.3313422819 0.3581208054 0.3581208054 0.3848993289 0.2510067114 0.2242281879 0.1706711409 0.1974496644 0.1974496644 0.1974496644 0.1974496644 0.2510067114
0.7865771812 1.0008053691 0.2777852349 0.3581208054 0.4384563758 0.4920134228 0.5723489933 0.6794630872 0.8133557047 0.8133557047 0.2777852349 0.2777852349 0.3045637584 0.3313422819 0.3848993289 0.4116778523 0.4384563758 0.4920134228 0.2242281879 0.2242281879 0.2510067114 0.2510067114 0.2777852349 0.1706711409 0.1706711409 0.1974496644 0.3313422819 0.3045637584 0.3313422819 0.3313422819 0.3045637584 0.3313422819 0.3581208054 0.3581208054 0.3848993289 0.4384563758 0.2242281879 0.2242281879 0.2242281879 0.2242281879 0.2510067114 0.1706711409 0.1438926174 0.2242281879 0.3045637584 0.3045637584 0.3313422819 0.3313422819 0.2777852349 0.3045637584 0.3045637584 0.3313422819 0.3313422819 0.3581208054 0.1974496644 0.1974496644 0.1974496644 0.2777852349 0.1438926174 0.1438926174 0.1438926174 0.1706711409 0.1974496644 0.1974496644 0.1706711409 0.1706711409 0.1706711409 0.1706711409 0.1706711409 0.1706711409 0.1974496644 0.2242281879 0.2510067114 0.1706711409 0.1706711409 0.2242281879 0.3045637584 0.3313422819 0.3313422819 0.3313422819 0.2777852349 0.2777852349 0.3045637584 0.3045637584 0.3313422819 0.3313422819 0.1974496644 0.1974496644 0.1706711409 0.1974496644 0.1706711409 0.1706711409 0.1706711409 0.2242281879
0.8133557047 1.0543624161 0.3045637584 0.3848993289 0.4384563758 0.5187919463 0.5991275168 0.7062416107 0.8401342282 0.8401342282 0.2777852349 0.3045637584 0.3045637584 0.3581208054 0.3848993289 0.4116778523 0.4652348993 0.5187919463 0.2242281879 0.2242281879 0.2510067114 0.2510067114 0.2777852349 0.1706711409 0.1706711409 0.1974496644 0.3313422819 0.3313422819 0.3581208054 0.3581208054 0.3045637584 0.3313422819 0.3581208054 0.3848993289 0.4116778523 0.4384563758 0.2242281879 0.2242281879 0.2242281879 0.2242281879 0.2510067114 0.1706711409 0.1438926174 0.2242281879 0.3045637584 0.3045637584 0.3313422819 0.3313422819 0.2777852349 0.3045637584 0.3313422819 0.3313422819 0.3581208054 0.3848993289 0.1974496644 0.1974496644 0.1974496644 0.3045637584 0.1438926174 0.1706711409 0.1706711409 0.1706711409 0.2242281879 0.1974496644 0.1706711409 0.1706711409 0.1706711409 0.1706711409 0.1706711409 0.1706711409 0.1974496644 0.2510067114 0.2777852349 0.1706711409 0.1706711409 0.2242281879 0.3313422819 0.3313422819 0.3581208054 0.3581208054 0.2777852349 0.3045637584 0.3045637584 0.3045637584 0.3313422819 0.3581208054 0.1974496644 0.1974496644 0.1706711409 0.1974496644 0.1706711409 0.1706711409 0.1706711409 0.2242281879
0.7330201342 0.9472483221 0.3045637584 0.3581208054 0.4116778523 0.4652348993 0.5455704698 0.6526845638 0.7597986577 0.7865771812 0.2777852349 0.2777852349 0.2777852349 0.3313422819 0.3581208054 0.3848993289 0.4384563758 0.4652348993 0.2242281879 0.2242281879 0.2510067114 0.2510067114 0.2510067114 0.1706711409 0.1706711409 0.1974496644 0.3313422819 0.3045637584 0.3313422819 0.3313422819 0.3045637584 0.3045637584 0.3313422819 0.3581208054 0.3848993289 0.4116778523 0.2242281879 0.2242281879 0.2242281879 0.2242281879 0.2510067114 0.1706711409 0.1438926174 0.2242281879 0.3045637584 0.3045637584 0.3045637584 0.3045637584 0.2777852349 0.2777852349 0.3045637584 0.3045637584 0.3313422819 0.3581208054 0.1974496644 0.1974496644 0.1974496644 0.2777852349 0.1438926174 0.1438926174 0.1706711409 0.1706711409 0.1974496644 0.1974496644 0.1706711409 0.1706711409 0.1706711409 0.1706711409 0.1706711409 0.1706711409 0.1974496644 0.2242281879 0.2510067114 0.1706711409 0.1706711409 0.2242281879 0.3045637584 0.3045637584 0.3313422819 0.3313422819 0.2777852349 0.2777852349 0.2777852349 0.3045637584 0.3045637584 0.3313422819 0.1974496644 0.1974496644 0.1706711409 0.1706711409 0.1706711409 0.1706711409 0.1706711409 0.2242281879
0.7597986577 0.9740268456 0.3045637584 0.3581208054 0.4116778523 0.4920134228 0.5723489933 0.6526845638 0.7597986577 0.7865771812 0.2777852349 0.2777852349 0.3045637584 0.3313422819 0.3581208054 0.3848993289 0.4384563758 0.4652348993 0.2242281879 0.2242281879 0.2510067114 0.2510067114 0.2777852349 0.1706711409 0.1706711409 0.1974496644 0.3313422819 0.3045637584 0.3313422819 0.3313422819 0.3045637584 0.3045637584 0.3313422819 0.3581208054 0.3848993289 0.4116778523 0.2242281879 0.2242281879 0.2242281879 0.2242281879 0.2510067114 0.1706711409 0.1438926174 0.2242281879 0.3045637584 0.3045637584 0.3045637584 0.3045637584 0.2777852349 0.2777852349 0.3045637584 0.3045637584 0.3313422819 0.3581208054 0.1974496644 0.1974496644 0.1974496644 0.2777852349 0.1438926174 0.1438926174 0.1706711409 0.1706711409 0.2242281879 0.1974496644 0.1706711409 0.1706711409 0.1706711409 0.1706711409 0.1706711409 0.1706711409 0.1974496644 0.2242281879 0.2510067114 0.1974496644 0.1706711409 0.2242281879 0.3045637584 0.3045637584 0.3313422819 0.3313422819 0.2777852349 0.2777852349 0.2777852349 0.3045637584 0.3045637584 0.3313422819 0.1974496644 0.1974496644 0.1706711409 0.1706711409 0.1706711409 0.1706711409 0.1706711409 0.2242281879
0.7597986577 0.9740268456 0.3045637584 0.3581208054 0.4116778523 0.4920134228 0.5723489933 0.6526845638 0.7865771812 0.7865771812 0.2777852349 0.3045637584 0.3045637584 0.3313422819 0.3581208054 0.3848993289 0.4384563758 0.4652348993 0.2242281879 0.2242281879 0.2510067114 0.2510067114 0.2777852349 0.1706711409 0.1706711409 0.2242281879 0.3313422819 0.3045637584 0.3313422819 0.3313422819 0.3045637584 0.3313422819 0.3313422819 0.3581208054 0.3848993289 0.4116778523 0.2242281879 0.2242281879 0.2242281879 0.2242281879 0.2510067114 0.1706711409 0.1438926174 0.2242281879 0.3045637584 0.3045637584 0.3313422819 0.3045637584 0.2777852349 0.2777852349 0.3045637584 0.3045637584 0.3313422819 0.3581208054 0.1974496644 0.1974496644 0.1974496644 0.2777852349 0.1438926174 0.1706711409 0.1706711409 0.1706711409 0.2242281879 0.1974496644 0.1706711409 0.1706711409 0.1706711409 0.1706711409 0.1706711409 0.1706711409 0.1974496644 0.2510067114 0.2510067114 0.1974496644 0.1706711409 0.2242281879 0.3045637584 0.3313422819 0.3313422819 0.3313422819 0.2777852349 0.2777852349 0.3045637584 0.3045637584 0.3045637584 0.3313422819 0.1974496644 0.1974496644 0.1706711409 0.1974496644 0.1706711409 0.1706711409 0.1706711409 0.2242281879
0.8133557047 1.0275838926 0.3045637584 0.3848993289 0.4384563758 0.5187919463 0.5991275168 0.7062416107 0.8133557047 0.8401342282 0.2777852349 0.3045637584 0.3045637584 0.3581208054 0.3848993289 0.4116778523 0.4652348993 0.4920134228 0.2510067114 0.2510067114 0.2510067114 0.2510067114 0.2777852349 0.1706711409 0.1706711409 0.1974496644 0.3313422819 0.3313422819 0.3581208054 0.3581208054 0.3045637584 0.3313422819 0.3581208054 0.3848993289 0.4116778523 0.4384563758 0.2242281879 0.2242281879 0.2242281879 0.2242281879 0.2510067114 0.1706711409 0.1438926174 0.2242281879 0.3045637584 0.3045637584 0.3313422819 0.3313422819 0.2777852349 0.3045637584 0.3313422819 0.3313422819 0.3581208054 0.3581208054 0.2242281879 0.1974496644 0.1974496644 0.3045637584 0.1706711409 0.1706711409 0.1706711409 0.1706711409 0.2242281879 0.1974496644 0.1706711409 0.1706711409 0.1706711409 0.1706711409 0.1706711409 0.1706711409 0.1974496644 0.2510067114 0.2777852349 0.1706711409 0.1706711409 0.2242281879 0.3313422819 0.3313422819 0.3581208054 0.3581208054 0.2777852349 0.3045637584 0.3045637584 0.3045637584 0.3313422819 0.3581208054 0.2242281879 0.1974496644 0.1706711409 0.1974496644 0.1974496644 0.1706711409 0.1706711409 0.2242281879
0.8669127517 1.1079194631 0.3313422819 0.4116778523 0.4652348993 0.5455704698 0.6526845638 0.7597986577 0.8936912752 0.8936912752 0.3045637584 0.3313422819 0.3313422819 0.3581208054 0.4116778523 0.4384563758 0.4920134228 0.5455704698 0.2510067114 0.2510067114 0.2777852349 0.2777852349 0.3045637584 0.1706711409 0.1706711409 0.2242281879 0.3581208054 0.3581208054 0.3848993289 0.3848993289 0.3313422819 0.3581208054 0.3848993289 0.4116778523 0.4384563758 0.4652348993 0.2510067114 0.2510067114 0.2510067114 0.2510067114 0.2777852349 0.1706711409 0.1438926174 0.2242281879 0.3313422819 0.3313422819 0.3581208054 0.3581208054 0.3045637584 0.3313422819 0.3313422819 0.3581208054 0.3848993289 0.3848993289 0.2242281879 0.2242281879 0.2242281879 0.3045637584 0.1706711409 0.1706711409 0.1706711409 0.1706711409 0.2510067114 0.2242281879 0.1974496644 0.1974496644 0.1974496644 0.1974496644 0.1974496644 0.1974496644 0.2242281879 0.2777852349 0.3045637584 0.1974496644 0.1706711409 0.2242281879 0.3581208054 0.3581208054 0.3581208054 0.3848993289 0.3045637584 0.3313422819 0.3313422819 0.3313422819 0.3581208054 0.3581208054 0.2242281879 0.2242281879 0.1706711409 0.1974496644 0.1974496644 0.1974496644 0.1974496644 0.2510067114
1.7506040268 2.0719463087 0.5991275168 0.6794630872 0.8669127517 1.0008053691 1.1882550336 1.3489261745 1.6970469799 1.6702684564 0.5723489933 0.5723489933 0.5991275168 0.7062416107 0.7865771812 0.8401342282 0.9204697987 1.0008053691 0.4652348993 0.4652348993 0.3581208054 0.3848993289 0.3581208054 0.1706711409 0.1706711409 0.2242281879 0.4920134228 0.4652348993 0.7062416107 0.5187919463 0.6259060403 0.6794630872 0.7330201342 0.7597986577 0.8133557047 0.8669127517 0.4384563758 0.4384563758 0.3581208054 0.3581208054 0.3581208054 0.1706711409 0.1438926174 0.2242281879 0.4384563758 0.4920134228 0.6794630872 0.5187919463 0.5723489933 0.6259060403 0.6526845638 0.6794630872 0.7062416107 0.7597986577 0.4116778523 0.3848993289 0.3045637584 0.6259060403 0.1974496644 0.2242281879 0.2242281879 0.2242281879 0.3313422819 0.2777852349 0.2242281879 0.2510067114 0.2242281879 0.2242281879 0.2510067114 0.2510067114 0.2777852349 0.4384563758 0.4116778523 0.1974496644 0.1706711409 0.2242281879 0.5187919463 0.6259060403 0.7062416107 0.6259060403 0.5723489933 0.5991275168 0.6259060403 0.6526845638 0.6794630872 0.7062416107 0.4384563758 0.4116778523 0.2242281879 0.2777852349 0.2510067114 0.2510067114 0.2242281879 0.3581208054
1.9916107383 2.1255033557 0.5723489933 0.6794630872 0.8669127517 1.0008053691 1.2150335570 1.4024832215 1.6970469799 1.6970469799 0.5455704698 0.5455704698 0.5723489933 0.6794630872 0.7597986577 0.8401342282 0.9204697987 1.0275838926 0.4384563758 0.4116778523 0.3581208054 0.3848993289 0.3581208054 0.1706711409 0.1706711409 0.1974496644 0.4652348993 0.4652348993 0.7062416107 0.5187919463 0.5991275168 0.6794630872 0.7062416107 0.7597986577 0.8133557047 0.8669127517 0.4116778523 0.3848993289 0.3313422819 0.3581208054 0.3581208054 0.1706711409 0.1438926174 0.2242281879 0.4384563758 0.4920134228 0.6794630872 0.5187919463 0.5455704698 0.5991275168 0.6259060403 0.6526845638 0.6794630872 0.7330201342 0.3848993289 0.3581208054 0.3045637584 0.5723489933 0.2242281879 0.2510067114 0.2510067114 0.2510067114 0.3313422819 0.3045637584 0.2510067114 0.2777852349 0.2510067114 0.2510067114 0.2510067114 0.2777852349 0.3045637584 0.4116778523 0.4116778523 0.1706711409 0.1706711409 0.2242281879 0.5187919463 0.6259060403 0.6794630872 0.5991275168 0.5455704698 0.5723489933 0.5991275168 0.6259060403 0.6526845638 0.6794630872 0.4116778523 0.3581208054 0.2510067114 0.3045637584 0.2777852349 0.2777852349 0.2510067114 0.3581208054
0.5187919463 0.6794630872 0.2242281879 0.2777852349 0.3313422819 0.3848993289 0.3848993289 0.4384563758 0.5187919463 0.5187919463 0.1974496644 0.1974496644 0.2242281879 0.2242281879 0.2242281879 0.2510067114 0.2777852349 0.3045637584 0.1706711409 0.1706711409 0.1974496644 0.1974496644 0.1974496644 0.1438926174 0.1706711409 0.1974496644 0.2510067114 0.2242281879 0.2242281879 0.2242281879 0.2242281879 0.2242281879 0.2242281879 0.2242281879 0.2242281879 0.2510067114 0.1706711409 0.1706711409 0.1706711409 0.1974496644 0.1706711409 0.1438926174 0.1438926174 0.2242281879 0.2242281879 0.1974496644 0.1974496644 0.1974496644 0.1974496644 0.1974496644 0.1974496644 0.1974496644 0.1974496644 0.2242281879 0.1438926174 0.1438926174 0.1438926174 0.1706711409 0.1706711409 0.1706711409 0.1706711409 0.1706711409 0.1706711409 0.1706711409 0.1706711409 0.1706711409 0.1706711409 0.1974496644 0.1974496644 0.1706711409 0.1974496644 0.1974496644 0.1706711409 0.1438926174 0.1706711409 0.2242281879 0.1974496644 0.1974496644 0.1974496644 0.1974496644 0.1974496644 0.1974496644 0.1706711409 0.1706711409 0.1974496644 0.1974496644 0.1438926174 0.1438926174 0.1706711409 0.1438926174 0.1438926174 0.1706711409 0.1706711409 0.1438926174
0.4652348993 0.6259060403 0.1974496644 0.2510067114 0.3045637584 0.3581208054 0.3581208054 0.4116778523 0.4920134228 0.4920134228 0.1706711409 0.1974496644 0.1974496644 0.1974496644 0.2242281879 0.2242281879 0.2510067114 0.2777852349 0.1438926174 0.1706711409 0.1706711409 0.1706711409 0.1974496644 0.1706711409 0.1438926174 0.1974496644 0.2242281879 0.2242281879 0.1974496644 0.2242281879 0.1974496644 0.1974496644 0.1974496644 0.1974496644 0.2242281879 0.2510067114 0.1438926174 0.1438926174 0.1706711409 0.1706711409 0.1706711409 0.1974496644 0.1171140940 0.1974496644 0.1974496644 0.1974496644 0.1974496644 0.1974496644 0.1974496644 0.1974496644 0.1706711409 0.1706711409 0.1974496644 0.1974496644 0.1438926174 0.1438926174 0.1438926174 0.1706711409 0.1706711409 0.1706711409 0.1706711409 0.1706711409 0.1706711409 0.1706711409 0.1706711409 0.1706711409 0.1706711409 0.1706711409 0.1706711409 0.1706711409 0.1706711409 0.1706711409 0.1706711409 0.1706711409 0.1438926174 0.1706711409 0.1974496644 0.1974496644 0.1974496644 0.1974496644 0.1706711409 0.1706711409 0.1706711409 0.1706711409 0.1706711409 0.1974496644 0.1438926174 0.1438926174 0.1438926174 0.1438926174 0.1438926174 0.1706711409 0.1706711409 0.1438926174
0.5991275168 0.7597986577 0.2777852349 0.3313422819 0.3848993289 0.4384563758 0.4652348993 0.5187919463 0.5991275168 0.5991275168 0.2510067114 0.2510067114 0.2777852349 0.2777852349 0.2777852349 0.3045637584 0.3313422819 0.3581208054 0.2242281879 0.2242281879 0.2510067114 0.2510067114 0.2510067114 0.2242281879 0.1706711409 0.1974496644 0.2777852349 0.2777852349 0.2777852349 0.2777852349 0.2777852349 0.2777852349 0.2510067114 0.2777852349 0.2777852349 0.3045637584 0.1974496644 0.1974496644 0.2242281879 0.2242281879 0.2242281879 0.2242281879 0.1438926174 0.1974496644 0.2510067114 0.2510067114 0.2510067114 0.2510067114 0.2510067114 0.2510067114 0.2242281879 0.2242281879 0.2510067114 0.2510067114 0.1974496644 0.1974496644 0.1974496644 0.1974496644 0.2242281879 0.2242281879 0.2242281879 0.2242281879 0.2242281879 0.2242281879 0.2242281879 0.2242281879 0.2242281879 0.2242281879 0.2242281879 0.2242281879 0.2242281879 0.2242281879 0.2242281879 0.2242281879 0.1706711409 0.1974496644 0.2510067114 0.2510067114 0.2510067114 0.2510067114 0.2242281879 0.2242281879 0.2242281879 0.2242281879 0.2242281879 0.2510067114 0.1974496644 0.1706711409 0.1974496644 0.1974496644 0.1974496644 0.1974496644 0.1974496644 0.1974496644
2.7949664430 2.7681879195 0.7865771812 0.9204697987 1.1614765101 1.3221476510 1.5631543624 1.8309395973 2.3397315436 2.1790604027 0.7330201342 0.7330201342 0.8133557047 0.8936912752 1.0275838926 1.1079194631 1.2150335570 1.3221476510 0.5991275168 0.5723489933 0.4384563758 0.4652348993 0.4652348993 0.1974496644 0.1974496644 0.2242281879 0.5455704698 0.5187919463 0.9472483221 0.6259060403 0.8133557047 0.8936912752 0.9472483221 1.0008053691 1.0543624161 1.1346979866 0.5723489933 0.5187919463 0.4384563758 0.4384563758 0.4384563758 0.1974496644 0.1706711409 0.2510067114 0.5455704698 0.5991275168 0.8936912752 0.6259060403 0.7597986577 0.8133557047 0.8401342282 0.8669127517 0.9204697987 0.9740268456 0.5187919463 0.4652348993 0.3848993289 0.7865771812 0.2777852349 0.2777852349 0.2777852349 0.2777852349 0.4116778523 0.3581208054 0.3045637584 0.3313422819 0.3045637584 0.3045637584 0.3045637584 0.3313422819 0.3581208054 0.5187919463 0.5187919463 0.1974496644 0.1974496644 0.2510067114 0.6526845638 0.8133557047 0.9204697987 0.7597986577 0.7597986577 0.7597986577 0.8133557047 0.8133557047 0.8669127517 0.8936912752 0.5455704698 0.4920134228 0.3045637584 0.3581208054 0.3313422819 0.3313422819 0.3045637584 0.4384563758
3.0627516779 4.0000000000 1.0275838926 1.3489261745 1.9648322148 2.4468456376 2.6342953020 3.6251006711 3.5983221477 4.0000000000 0.9204697987 1.0008053691 1.1079194631 1.1882550336 1.1614765101 1.2685906040 1.4828187919 1.7773825503 0.7865771812 0.7865771812 0.4920134228 0.5455704698 0.5187919463 0.1974496644 0.1974496644 0.2242281879 0.5455704698 0.5187919463 1.0275838926 0.7330201342 1.1079194631 1.1882550336 1.0543624161 1.1079194631 1.2418120805 1.4024832215 0.7597986577 0.7330201342 0.5187919463 0.5187919463 0.5187919463 0.1974496644 0.1706711409 0.2510067114 0.6526845638 0.7062416107 0.9740268456 0.7597986577 1.0008053691 1.0275838926 0.9204697987 0.9204697987 1.0008053691 1.1079194631 0.6794630872 0.6526845638 0.4652348993 0.8133557047 0.2777852349 0.3045637584 0.3045637584 0.3045637584 0.4652348993 0.3848993289 0.3313422819 0.3313422819 0.3045637584 0.3045637584 0.3313422819 0.3313422819 0.3581208054 0.6259060403 0.6259060403 0.1974496644 0.1974496644 0.2510067114 0.8133557047 0.7597986577 1.0008053691 1.0008053691 0.9740268456 0.9472483221 0.8936912752 0.8669127517 0.9204697987 1.0008053691 0.7330201342 0.6794630872 0.3045637584 0.3581208054 0.3581208054 0.3313422819 0.3313422819 0.5187919463
3.0359731544 4.0000000000 1.0811409396 1.8577181208 2.3932885906 2.7414093960 3.8125503356 3.8393288591 3.5447651007 4.0000000000 1.0543624161 1.6970469799 1.9916107383 2.2861744966 3.0091946309 3.7322147651 4.0000000000 4.0000000000 0.8669127517 1.4828187919 0.5455704698 0.5991275168 0.5723489933 0.1974496644 0.1974496644 0.2242281879 0.5455704698 0.5187919463 1.6970469799 0.8133557047 1.9916107383 2.3932885906 3.0627516779 3.7589932886 4.0000000000 4.0000000000 0.8401342282 1.3757046980 0.5723489933 0.5723489933 0.5723489933 0.1974496644 0.1706711409 0.2510067114 0.7062416107 0.7865771812 1.7238255034 0.8401342282 1.8577181208 2.1522818792 2.6878523490 3.1966442953 3.8393288591 3.6786577181 0.7597986577 1.0543624161 0.5187919463 2.8485234899 0.3045637584 0.3045637584 0.3045637584 0.3045637584 0.4920134228 0.3848993289 0.3313422819 0.3581208054 0.3313422819 0.3313422819 0.3313422819 0.3581208054 0.3581208054 0.7062416107 0.6794630872 0.1974496644 0.1974496644 0.2510067114 0.9204697987 1.0008053691 2.6075167785 1.1882550336 1.6702684564 2.1255033557 2.6075167785 3.0627516779 3.7322147651 3.4108724832 0.8401342282 1.5363758389 0.3045637584 0.3848993289 0.3581208054 0.3313422819 0.3313422819 0.5723489933
3.1163087248 3.8661073826 1.0543624161 1.2418120805 1.5095973154 1.8844966443 2.0987248322 2.5539597315 3.1430872483 2.9824161074 1.0811409396 0.9472483221 1.0543624161 1.1614765101 1.2953691275 1.4024832215 1.5631543624 1.6970469799 0.7865771812 0.7062416107 0.4920134228 0.5455704698 0.5187919463 0.1974496644 0.1974496644 0.2242281879 0.5455704698 0.5455704698 1.2953691275 0.7330201342 1.0543624161 1.1346979866 1.2150335570 1.2953691275 1.3757046980 1.4828187919 0.7597986577 0.6526845638 0.5187919463 0.5187919463 0.5187919463 0.1974496644 0.1706711409 0.2510067114 0.6526845638 0.6794630872 1.2418120805 0.7330201342 0.9740268456 1.0275838926 1.0811409396 1.1079194631 1.1882550336 1.2418120805 0.6794630872 0.5991275168 0.4652348993 1.0008053691 0.3045637584 0.3045637584 0.3045637584 0.3045637584 0.4652348993 0.3848993289 0.3313422819 0.3581208054 0.3313422819 0.3313422819 0.3313422819 0.3581208054 0.3848993289 0.6259060403 0.5991275168 0.1974496644 0.1974496644 0.2510067114 0.7597986577 1.0008053691 1.1882550336 0.9204697987 1.0008053691 1.0008053691 1.0543624161 1.0543624161 1.1079194631 1.1614765101 0.7062416107 0.6259060403 0.3313422819 0.3848993289 0.3581208054 0.3581208054 0.3313422819 0.5187919463
2.6878523490 4.0000000000 0.8669127517 1.5631543624 1.8844966443 1.9112751678 2.5539597315 2.7146308725 3.1966442953 3.8661073826 0.8669127517 1.0275838926 1.2150335570 1.5363758389 1.8309395973 1.8844966443 2.1255033557 2.3129530201 0.6794630872 0.6526845638 0.4116778523 0.4652348993 0.4384563758 0.1706711409 0.1706711409 0.2242281879 0.5187919463 0.4920134228 1.6167114094 0.6526845638 1.1882550336 1.5899328859 1.6702684564 1.7506040268 1.9112751678 2.0183892617 0.6526845638 0.5991275168 0.4384563758 0.4384563758 0.4384563758 0.1706711409 0.1438926174 0.2242281879 0.5723489933 0.6259060403 1.6970469799 0.6794630872 1.0543624161 1.4828187919 1.4828187919 1.5363758389 1.6167114094 1.7238255034 0.5991275168 0.5187919463 0.3848993289 1.3757046980 0.2510067114 0.2510067114 0.2510067114 0.2510067114 0.3848993289 0.3045637584 0.2777852349 0.2777852349 0.2777852349 0.2777852349 0.2777852349 0.2777852349 0.3045637584 0.5723489933 0.5455704698 0.1974496644 0.1706711409 0.2242281879 0.7597986577 0.9740268456 1.6702684564 1.0008053691 0.9472483221 1.2953691275 1.4024832215 1.4560402685 1.5095973154 1.6167114094 0.6526845638 0.5723489933 0.2510067114 0.3045637584 0.3045637584 0.2777852349 0.2777852349 0.4384563758
2.6075167785 4.0000000000 0.8936912752 1.6702684564 2.0719463087 2.2326174497 3.1698657718 3.2234228188 3.0359731544 4.0000000000 0.8936912752 1.4828187919 1.6167114094 1.8309395973 2.4736241611 2.7146308725 3.1430872483 3.4912080537 0.7062416107 0.8669127517 0.4384563758 0.4920134228 0.4652348993 0.1706711409 0.1706711409 0.1974496644 0.4920134228 0.4920134228 1.4292617450 0.6794630872 1.5899328859 2.0183892617 2.3665100671 2.5807382550 2.8217449664 3.0359731544 0.6794630872 0.7597986577 0.4652348993 0.4920134228 0.4652348993 0.1706711409 0.1438926174 0.2242281879 0.5991275168 0.6526845638 1.4828187919 0.7062416107 1.4828187919 1.8309395973 2.1255033557 2.2861744966 2.4736241611 2.6075167785 0.6259060403 0.6526845638 0.4116778523 2.1522818792 0.2510067114 0.2510067114 0.2510067114 0.2777852349 0.4116778523 0.3313422819 0.2777852349 0.3045637584 0.2777852349 0.2777852349 0.2777852349 0.3045637584 0.3313422819 0.5991275168 0.5723489933 0.1974496644 0.1706711409 0.2242281879 0.7597986577 0.9472483221 2.1255033557 1.0008053691 1.2953691275 1.8309395973 2.0987248322 2.2326174497 2.3397315436 2.4468456376 0.6794630872 0.6794630872 0.2777852349 0.3313422819 0.3045637584 0.3045637584 0.2777852349 0.4652348993
2.7414093960 4.0000000000 0.9740268456 1.8041610738 2.2326174497 2.3665100671 3.2502013423 3.5447651007 3.2234228188 4.0000000000 0.9740268456 1.4828187919 1.7238255034 2.0987248322 2.4736241611 3.4644295302 4.0000000000 4.0000000000 0.7865771812 1.0811409396 0.4652348993 0.5187919463 0.4920134228 0.1706711409 0.1706711409 0.1974496644 0.4920134228 0.4652348993 1.5631543624 0.7330201342 1.7238255034 2.1790604027 2.7146308725 3.5715436242 4.0000000000 4.0000000000 0.7597986577 0.8936912752 0.4920134228 0.4920134228 0.4920134228 0.1706711409 0.1438926174 0.2242281879 0.6259060403 0.6794630872 1.6167114094 0.7330201342 1.5899328859 1.9916107383 2.4736241611 3.1430872483 3.4108724832 3.6518791946 0.6794630872 0.7597986577 0.4384563758 2.9288590604 0.2510067114 0.2777852349 0.2777852349 0.2777852349 0.4384563758 0.3313422819 0.3045637584 0.3045637584 0.2777852349 0.2777852349 0.3045637584 0.3045637584 0.3313422819 0.6259060403 0.5991275168 0.1706711409 0.1706711409 0.2242281879 0.8133557047 0.8936912752 2.6075167785 1.0543624161 1.4024832215 2.0987248322 2.4468456376 3.0895302013 3.2234228188 3.3840939597 0.7597986577 0.8133557047 0.2777852349 0.3313422819 0.3045637584 0.3045637584 0.3045637584 0.4920134228
2.8485234899 4.0000000000 1.0008053691 1.8577181208 2.3665100671 2.4468456376 3.4376510067 3.7054362416 3.3305369128 4.0000000000 1.0008053691 1.5095973154 1.7773825503 2.0451677852 2.7681879195 4.0000000000 4.0000000000 4.0000000000 0.8133557047 1.1346979866 0.4920134228 0.5455704698 0.4920134228 0.1706711409 0.1706711409 0.1974496644 0.4920134228 0.4652348993 1.6434899329 0.7330201342 1.7773825503 2.2861744966 3.2769798658 4.0000000000 4.0000000000 4.0000000000 0.7865771812 0.9740268456 0.5187919463 0.5187919463 0.5187919463 0.1706711409 0.1438926174 0.2242281879 0.6259060403 0.7062416107 1.6970469799 0.7597986577 1.6434899329 2.1522818792 3.0359731544 4.0000000000 4.0000000000 4.0000000000 0.7330201342 0.8133557047 0.4652348993 4.0000000000 0.2777852349 0.2777852349 0.2777852349 0.2777852349 0.4652348993 0.3581208054 0.3045637584 0.3045637584 0.3045637584 0.3045637584 0.3045637584 0.3045637584 0.3313422819 0.6526845638 0.6259060403 0.1706711409 0.1706711409 0.2242281879 0.8133557047 0.8669127517 3.0627516779 1.0543624161 1.4560402685 2.2326174497 3.0895302013 4.0000000000 4.0000000000 4.0000000000 0.7865771812 0.8936912752 0.2777852349 0.3313422819 0.3313422819 0.3045637584 0.3045637584 0.5187919463
2.9556375839 4.0000000000 1.0543624161 1.8844966443 2.3665100671 2.5271812081 3.5179865772 3.8125503356 3.4912080537 4.0000000000 1.0543624161 1.5363758389 1.8309395973 2.1255033557 2.8485234899 4.0000000000 4.0000000000 4.0000000000 0.8669127517 1.1882550336 0.5187919463 0.5723489933 0.5187919463 0.1706711409 0.1706711409 0.1974496644 0.4920134228 0.4920134228 1.7506040268 0.7597986577 1.8309395973 2.3665100671 3.3840939597 4.0000000000 4.0000000000 4.0000000000 0.8401342282 1.0543624161 0.5455704698 0.5455704698 0.5455704698 0.1706711409 0.1438926174 0.2242281879 0.6794630872 0.7330201342 1.8309395973 0.7865771812 1.6970469799 2.2326174497 3.1163087248 4.0000000000 4.0000000000 4.0000000000 0.7597986577 0.8936912752 0.4920134228 4.0000000000 0.2777852349 0.2777852349 0.2777852349 0.2777852349 0.4652348993 0.3581208054 0.3313422819 0.3313422819 0.3045637584 0.3045637584 0.3045637584 0.3313422819 0.3581208054 0.6794630872 0.6526845638 0.1974496644 0.1706711409 0.2242281879 0.8669127517 0.9204697987 3.7322147651 1.1079194631 1.5095973154 2.3397315436 3.2234228188 4.0000000000 4.0000000000 4.0000000000 0.8401342282 0.9740268456 0.3045637584 0.3581208054 0.3313422819 0.3313422819 0.3045637584 0.5455704698
3.0359731544 4.0000000000 1.1079194631 1.9648322148 2.4736241611 2.6342953020 3.6251006711 3.9464429530 3.5179865772 4.0000000000 1.1079194631 1.6167114094 1.9112751678 2.2326174497 2.9824161074 4.0000000000 4.0000000000 4.0000000000 0.8936912752 1.3489261745 0.5455704698 0.5991275168 0.5455704698 0.1706711409 0.1706711409 0.2242281879 0.5187919463 0.4920134228 1.8041610738 0.8133557047 1.9112751678 2.4468456376 3.5447651007 4.0000000000 4.0000000000 4.0000000000 0.8669127517 1.1882550336 0.5723489933 0.5723489933 0.5723489933 0.1706711409 0.1438926174 0.2242281879 0.7062416107 0.7597986577 1.8844966443 0.8133557047 1.7773825503 2.3129530201 3.2769798658 4.0000000000 4.0000000000 4.0000000000 0.7865771812 1.0008053691 0.5187919463 4.0000000000 0.3045637584 0.3045637584 0.3045637584 0.3045637584 0.4920134228 0.3848993289 0.3313422819 0.3581208054 0.3313422819 0.3313422819 0.3313422819 0.3581208054 0.3581208054 0.7062416107 0.6794630872 0.1974496644 0.1974496644 0.2510067114 0.8936912752 1.0008053691 3.4108724832 1.1614765101 1.6167114094 2.4468456376 3.3840939597 4.0000000000 4.0000000000 4.0000000000 0.8669127517 1.1346979866 0.3045637584 0.3848993289 0.3581208054 0.3313422819 0.3313422819 0.5723489933
1.5095973154 2.5271812081 0.4920134228 0.7330201342 0.9472483221 1.2150335570 1.4024832215 1.5631543624 1.6970469799 2.0719463087 0.4652348993 0.5991275168 0.6794630872 0.8133557047 0.9472483221 1.0275838926 1.1346979866 1.2685906040 0.3848993289 0.4384563758 0.3045637584 0.3581208054 0.3313422819 0.1438926174 0.1438926174 0.1706711409 0.4384563758 0.4384563758 0.7062416107 0.5187919463 0.7062416107 0.7865771812 0.8936912752 0.9472483221 1.0275838926 1.0811409396 0.3581208054 0.3848993289 0.3045637584 0.3313422819 0.3313422819 0.1438926174 0.1171140940 0.1706711409 0.4116778523 0.4920134228 0.7062416107 0.5187919463 0.6526845638 0.7062416107 0.7865771812 0.8401342282 0.8669127517 0.9204697987 0.3313422819 0.3581208054 0.2777852349 0.7330201342 0.1706711409 0.1974496644 0.1974496644 0.1974496644 0.3045637584 0.2510067114 0.1974496644 0.1974496644 0.1974496644 0.1974496644 0.1974496644 0.2242281879 0.2242281879 0.4384563758 0.4116778523 0.1438926174 0.1438926174 0.1974496644 0.5455704698 0.7330201342 0.8401342282 0.7062416107 0.6526845638 0.6794630872 0.7597986577 0.7865771812 0.8401342282 0.8669127517 0.3581208054 0.3581208054 0.1974496644 0.2510067114 0.2242281879 0.2242281879 0.1974496644 0.3313422819
1.8309395973 3.4376510067 0.5187919463 0.7062416107 1.7773825503 1.5631543624 2.0719463087 2.1790604027 2.1522818792 2.8217449664 0.4920134228 0.5455704698 0.6526845638 0.9472483221 1.5095973154 1.5899328859 1.7506040268 1.8309395973 0.3848993289 0.4116778523 0.2777852349 0.3313422819 0.3045637584 0.1171140940 0.1438926174 0.1706711409 0.4116778523 0.4116778523 0.8133557047 0.4652348993 0.6794630872 0.9740268456 1.2418120805 1.4024832215 1.5363758389 1.6434899329 0.3848993289 0.3848993289 0.2777852349 0.3045637584 0.3045637584 0.1438926174 0.1171140940 0.1706711409 0.3848993289 0.4384563758 0.8133557047 0.4652348993 0.5991275168 0.8133557047 0.8936912752 1.0008053691 1.1346979866 1.3757046980 0.3313422819 0.3313422819 0.2510067114 0.8133557047 0.1706711409 0.1706711409 0.1706711409 0.1974496644 0.2777852349 0.2242281879 0.1974496644 0.1974496644 0.1974496644 0.1974496644 0.1974496644 0.1974496644 0.2242281879 0.4116778523 0.3581208054 0.1438926174 0.1438926174 0.1706711409 0.4920134228 0.6794630872 1.5363758389 0.6259060403 0.5723489933 0.6794630872 0.8133557047 0.8936912752 0.9740268456 1.1346979866 0.3581208054 0.3581208054 0.1974496644 0.2242281879 0.2242281879 0.1974496644 0.1974496644 0.3045637584
0.7330201342 0.9472483221 0.2777852349 0.3581208054 0.4116778523 0.4652348993 0.5455704698 0.6259060403 0.7330201342 0.7597986577 0.2510067114 0.2777852349 0.2777852349 0.3045637584 0.3581208054 0.3848993289 0.4116778523 0.4652348993 0.2242281879 0.2242281879 0.2242281879 0.2242281879 0.2510067114 0.1438926174 0.1438926174 0.1706711409 0.3045637584 0.3045637584 0.3313422819 0.3313422819 0.2777852349 0.3045637584 0.3313422819 0.3581208054 0.3581208054 0.3848993289 0.1974496644 0.1974496644 0.1974496644 0.2242281879 0.2242281879 0.1438926174 0.1171140940 0.1974496644 0.2777852349 0.2777852349 0.3045637584 0.3045637584 0.2777852349 0.2777852349 0.3045637584 0.3045637584 0.3313422819 0.3313422819 0.1974496644 0.1974496644 0.1974496644 0.2777852349 0.1438926174 0.1438926174 0.1438926174 0.1438926174 0.1974496644 0.1706711409 0.1706711409 0.1706711409 0.1706711409 0.1706711409 0.1706711409 0.1706711409 0.1706711409 0.2242281879 0.2510067114 0.1706711409 0.1438926174 0.1974496644 0.3045637584 0.3045637584 0.3045637584 0.3313422819 0.2510067114 0.2777852349 0.2777852349 0.2777852349 0.3045637584 0.3045637584 0.1974496644 0.1974496644 0.1438926174 0.1706711409 0.1706711409 0.1706711409 0.1706711409 0.1974496644
0.8936912752 1.1079194631 0.3581208054 0.4116778523 0.4920134228 0.5455704698 0.6526845638 0.7597986577 0.8669127517 0.8936912752 0.3313422819 0.3313422819 0.3313422819 0.3848993289 0.4116778523 0.4652348993 0.4920134228 0.5455704698 0.2777852349 0.2777852349 0.2777852349 0.2777852349 0.2777852349 0.1438926174 0.1438926174 0.1706711409 0.3581208054 0.3581208054 0.3848993289 0.3848993289 0.3313422819 0.3581208054 0.3848993289 0.4116778523 0.4384563758 0.4652348993 0.2510067114 0.2510067114 0.2510067114 0.2510067114 0.2777852349 0.1438926174 0.1171140940 0.1706711409 0.3313422819 0.3313422819 0.3581208054 0.3581208054 0.3045637584 0.3313422819 0.3581208054 0.3581208054 0.3848993289 0.4116778523 0.2510067114 0.2242281879 0.2242281879 0.3313422819 0.1706711409 0.1706711409 0.1706711409 0.1706711409 0.2242281879 0.1974496644 0.1974496644 0.1974496644 0.1706711409 0.1706711409 0.1974496644 0.1974496644 0.1974496644 0.2777852349 0.3045637584 0.1438926174 0.1438926174 0.1974496644 0.3581208054 0.3581208054 0.3848993289 0.3848993289 0.3045637584 0.3313422819 0.3313422819 0.3313422819 0.3581208054 0.3848993289 0.2510067114 0.2242281879 0.1706711409 0.1974496644 0.1974496644 0.1974496644 0.1706711409 0.2510067114
0.8401342282 1.0543624161 0.3313422819 0.3848993289 0.4652348993 0.5187919463 0.5991275168 0.7062416107 0.8401342282 0.8401342282 0.3045637584 0.3045637584 0.3045637584 0.3581208054 0.3848993289 0.4384563758 0.4652348993 0.5187919463 0.2510067114 0.2510067114 0.2510067114 0.2510067114 0.2777852349 0.1438926174 0.1438926174 0.1706711409 0.3313422819 0.3313422819 0.3581208054 0.3581208054 0.3313422819 0.3581208054 0.3581208054 0.3848993289 0.4116778523 0.4384563758 0.2510067114 0.2242281879 0.2242281879 0.2510067114 0.2510067114 0.1438926174 0.1171140940 0.1974496644 0.3045637584 0.3313422819 0.3581208054 0.3313422819 0.3045637584 0.3045637584 0.3313422819 0.3313422819 0.3581208054 0.3848993289 0.2242281879 0.2242281879 0.1974496644 0.3045637584 0.1706711409 0.1706711409 0.1706711409 0.1706711409 0.2242281879 0.1974496644 0.1706711409 0.1706711409 0.1706711409 0.1706711409 0.1706711409 0.1974496644 0.1974496644 0.2510067114 0.2777852349 0.1438926174 0.1438926174 0.1974496644 0.3313422819 0.3581208054 0.3581208054 0.3581208054 0.3045637584 0.3045637584 0.3045637584 0.3313422819 0.3313422819 0.3581208054 0.2242281879 0.2242281879 0.1706711409 0.1974496644 0.1974496644 0.1974496644 0.1706711409 0.2242281879
0.7865771812 1.0008053691 0.3045637584 0.3848993289 0.4384563758 0.4920134228 0.5723489933 0.6794630872 0.7865771812 0.8133557047 0.2777852349 0.3045637584 0.3045637584 0.3313422819 0.3848993289 0.4116778523 0.4652348993 0.4920134228 0.2510067114 0.2510067114 0.2510067114 0.2510067114 0.2777852349 0.1438926174 0.1438926174 0.1974496644 0.3313422819 0.3313422819 0.3581208054 0.3581208054 0.3045637584 0.3313422819 0.3581208054 0.3848993289 0.4116778523 0.4384563758 0.2242281879 0.2242281879 0.2242281879 0.2242281879 0.2510067114 0.1438926174 0.1438926174 0.1974496644 0.3045637584 0.3045637584 0.3313422819 0.3313422819 0.2777852349 0.3045637584 0.3045637584 0.3313422819 0.3313422819 0.3581208054 0.2242281879 0.1974496644 0.1974496644 0.3045637584 0.1706711409 0.1706711409 0.1706711409 0.1706711409 0.2242281879 0.1974496644 0.1706711409 0.1706711409 0.1706711409 0.1706711409 0.1706711409 0.1706711409 0.1974496644 0.2510067114 0.2777852349 0.1706711409 0.1706711409 0.1974496644 0.3313422819 0.3313422819 0.3313422819 0.3581208054 0.2777852349 0.3045637584 0.3045637584 0.3045637584 0.3313422819 0.3313422819 0.2242281879 0.1974496644 0.1706711409 0.1974496644 0.1974496644 0.1706711409 0.1706711409 0.2242281879
0.7597986577 0.9740268456 0.3045637584 0.3581208054 0.4116778523 0.4920134228 0.5723489933 0.6526845638 0.7865771812 0.7865771812 0.2777852349 0.2777852349 0.3045637584 0.3313422819 0.3581208054 0.3848993289 0.4384563758 0.4652348993 0.2242281879 0.2242281879 0.2510067114 0.2510067114 0.2510067114 0.1438926174 0.1706711409 0.1974496644 0.3045637584 0.3045637584 0.3313422819 0.3313422819 0.3045637584 0.3313422819 0.3313422819 0.3581208054 0.3848993289 0.4116778523 0.2242281879 0.2242281879 0.2242281879 0.2242281879 0.2510067114 0.1438926174 0.1438926174 0.1974496644 0.2777852349 0.3045637584 0.3313422819 0.3045637584 0.2777852349 0.2777852349 0.3045637584 0.3045637584 0.3313422819 0.3581208054 0.1974496644 0.1974496644 0.1974496644 0.2777852349 0.1438926174 0.1438926174 0.1438926174 0.1706711409 0.1974496644 0.1974496644 0.1706711409 0.1706711409 0.1706711409 0.1706711409 0.1706711409 0.1706711409 0.1974496644 0.2242281879 0.2510067114 0.1706711409 0.1706711409 0.1974496644 0.3045637584 0.3313422819 0.3313422819 0.3313422819 0.2777852349 0.2777852349 0.3045637584 0.3045637584 0.3045637584 0.3313422819 0.1974496644 0.1974496644 0.1706711409 0.1706711409 0.1706711409 0.1706711409 0.1706711409 0.2242281879
1.3221476510 1.6702684564 0.4652348993 0.5455704698 0.6794630872 0.7865771812 0.9472483221 1.0811409396 1.3489261745 1.3489261745 0.4384563758 0.4384563758 0.4652348993 0.5455704698 0.6259060403 0.6794630872 0.7330201342 0.8133557047 0.3581208054 0.3581208054 0.3045637584 0.3313422819 0.3045637584 0.1438926174 0.1438926174 0.1706711409 0.4116778523 0.4116778523 0.5723489933 0.4384563758 0.4920134228 0.5455704698 0.5723489933 0.6259060403 0.6526845638 0.7062416107 0.3313422819 0.3313422819 0.2777852349 0.3045637584 0.3045637584 0.1438926174 0.1171140940 0.1974496644 0.3581208054 0.4116778523 0.5455704698 0.4384563758 0.4384563758 0.4920134228 0.5187919463 0.5455704698 0.5723489933 0.5991275168 0.3313422819 0.3045637584 0.2510067114 0.4920134228 0.1974496644 0.1974496644 0.1974496644 0.1974496644 0.2777852349 0.2510067114 0.2242281879 0.2242281879 0.2242281879 0.2242281879 0.2242281879 0.2242281879 0.2510067114 0.3581208054 0.3581208054 0.1438926174 0.1438926174 0.1974496644 0.4384563758 0.5187919463 0.5723489933 0.5187919463 0.4384563758 0.4652348993 0.4920134228 0.5187919463 0.5455704698 0.5723489933 0.3313422819 0.3045637584 0.1974496644 0.2510067114 0.2242281879 0.2242281879 0.2242281879 0.3045637584